n_agents,movement_saturation,relative_leader_influence,conversion_rate,run_id,aggregation_method,signal_representation
25,5,50,0.43478260869565216,1,sum-linear,binary
25,5,50,0.30434782608695654,2,sum-linear,binary
25,5,50,0.4782608695652174,3,sum-linear,binary
25,5,50,0.34782608695652173,4,sum-linear,binary
25,5,50,0.43478260869565216,5,sum-linear,binary
25,5,50,0.43478260869565216,6,sum-linear,binary
25,5,50,0.5217391304347826,7,sum-linear,binary
25,5,50,0.30434782608695654,8,sum-linear,binary
25,5,50,0.30434782608695654,9,sum-linear,binary
25,5,50,0.391304347826087,10,sum-linear,binary
25,10,50,0.36363636363636365,1,sum-linear,binary
25,10,50,0.36363636363636365,2,sum-linear,binary
25,10,50,0.36363636363636365,3,sum-linear,binary
25,10,50,0.5,4,sum-linear,binary
25,10,50,0.5909090909090909,5,sum-linear,binary
25,10,50,0.5454545454545454,6,sum-linear,binary
25,10,50,0.5454545454545454,7,sum-linear,binary
25,10,50,0.4090909090909091,8,sum-linear,binary
25,10,50,0.45454545454545453,9,sum-linear,binary
25,10,50,0.45454545454545453,10,sum-linear,binary
25,15,50,0.23809523809523808,1,sum-linear,binary
25,15,50,0.38095238095238093,2,sum-linear,binary
25,15,50,0.38095238095238093,3,sum-linear,binary
25,15,50,0.47619047619047616,4,sum-linear,binary
25,15,50,0.6190476190476191,5,sum-linear,binary
25,15,50,0.6190476190476191,6,sum-linear,binary
25,15,50,0.3333333333333333,7,sum-linear,binary
25,15,50,0.5714285714285714,8,sum-linear,binary
25,15,50,0.42857142857142855,9,sum-linear,binary
25,15,50,0.5714285714285714,10,sum-linear,binary
25,20,50,0.35,1,sum-linear,binary
25,20,50,0.25,2,sum-linear,binary
25,20,50,0.4,3,sum-linear,binary
25,20,50,0.55,4,sum-linear,binary
25,20,50,0.7,5,sum-linear,binary
25,20,50,0.25,6,sum-linear,binary
25,20,50,0.45,7,sum-linear,binary
25,20,50,0.4,8,sum-linear,binary
25,20,50,0.5,9,sum-linear,binary
25,20,50,0.65,10,sum-linear,binary
25,25,50,0.2777777777777778,1,sum-linear,binary
25,25,50,0.5555555555555556,2,sum-linear,binary
25,25,50,0.6111111111111112,3,sum-linear,binary
25,25,50,0.5555555555555556,4,sum-linear,binary
25,25,50,0.3333333333333333,5,sum-linear,binary
25,25,50,0.4444444444444444,6,sum-linear,binary
25,25,50,0.4444444444444444,7,sum-linear,binary
25,25,50,0.5555555555555556,8,sum-linear,binary
25,25,50,0.5555555555555556,9,sum-linear,binary
25,25,50,0.4444444444444444,10,sum-linear,binary
25,30,50,0.5882352941176471,1,sum-linear,binary
25,30,50,0.6470588235294118,2,sum-linear,binary
25,30,50,0.29411764705882354,3,sum-linear,binary
25,30,50,0.5294117647058824,4,sum-linear,binary
25,30,50,0.7058823529411765,5,sum-linear,binary
25,30,50,0.35294117647058826,6,sum-linear,binary
25,30,50,0.35294117647058826,7,sum-linear,binary
25,30,50,0.5294117647058824,8,sum-linear,binary
25,30,50,0.4117647058823529,9,sum-linear,binary
25,30,50,0.6470588235294118,10,sum-linear,binary
25,35,50,0.375,1,sum-linear,binary
25,35,50,0.75,2,sum-linear,binary
25,35,50,0.6875,3,sum-linear,binary
25,35,50,0.625,4,sum-linear,binary
25,35,50,0.375,5,sum-linear,binary
25,35,50,0.5,6,sum-linear,binary
25,35,50,0.5625,7,sum-linear,binary
25,35,50,0.4375,8,sum-linear,binary
25,35,50,0.6875,9,sum-linear,binary
25,35,50,0.625,10,sum-linear,binary
25,40,50,0.6,1,sum-linear,binary
25,40,50,0.4,2,sum-linear,binary
25,40,50,0.5333333333333333,3,sum-linear,binary
25,40,50,0.4666666666666667,4,sum-linear,binary
25,40,50,0.4,5,sum-linear,binary
25,40,50,0.4666666666666667,6,sum-linear,binary
25,40,50,0.6,7,sum-linear,binary
25,40,50,0.5333333333333333,8,sum-linear,binary
25,40,50,0.5333333333333333,9,sum-linear,binary
25,40,50,0.4,10,sum-linear,binary
25,45,50,0.6923076923076923,1,sum-linear,binary
25,45,50,0.46153846153846156,2,sum-linear,binary
25,45,50,0.46153846153846156,3,sum-linear,binary
25,45,50,0.38461538461538464,4,sum-linear,binary
25,45,50,0.5384615384615384,5,sum-linear,binary
25,45,50,0.6153846153846154,6,sum-linear,binary
25,45,50,0.3076923076923077,7,sum-linear,binary
25,45,50,0.6153846153846154,8,sum-linear,binary
25,45,50,0.46153846153846156,9,sum-linear,binary
25,45,50,0.38461538461538464,10,sum-linear,binary
25,50,50,0.3333333333333333,1,sum-linear,binary
25,50,50,0.3333333333333333,2,sum-linear,binary
25,50,50,0.4166666666666667,3,sum-linear,binary
25,50,50,0.5833333333333334,4,sum-linear,binary
25,50,50,0.5833333333333334,5,sum-linear,binary
25,50,50,0.5833333333333334,6,sum-linear,binary
25,50,50,0.6666666666666666,7,sum-linear,binary
25,50,50,0.16666666666666666,8,sum-linear,binary
25,50,50,0.5833333333333334,9,sum-linear,binary
25,50,50,0.5833333333333334,10,sum-linear,binary
25,55,50,0.45454545454545453,1,sum-linear,binary
25,55,50,0.6363636363636364,2,sum-linear,binary
25,55,50,0.45454545454545453,3,sum-linear,binary
25,55,50,0.7272727272727273,4,sum-linear,binary
25,55,50,0.5454545454545454,5,sum-linear,binary
25,55,50,0.5454545454545454,6,sum-linear,binary
25,55,50,0.5454545454545454,7,sum-linear,binary
25,55,50,0.36363636363636365,8,sum-linear,binary
25,55,50,0.45454545454545453,9,sum-linear,binary
25,55,50,0.5454545454545454,10,sum-linear,binary
25,60,50,0.7,1,sum-linear,binary
25,60,50,0.4,2,sum-linear,binary
25,60,50,0.5,3,sum-linear,binary
25,60,50,0.5,4,sum-linear,binary
25,60,50,0.6,5,sum-linear,binary
25,60,50,0.4,6,sum-linear,binary
25,60,50,0.8,7,sum-linear,binary
25,60,50,0.5,8,sum-linear,binary
25,60,50,0.7,9,sum-linear,binary
25,60,50,0.8,10,sum-linear,binary
25,65,50,0.5,1,sum-linear,binary
25,65,50,0.5,2,sum-linear,binary
25,65,50,0.375,3,sum-linear,binary
25,65,50,0.375,4,sum-linear,binary
25,65,50,0.5,5,sum-linear,binary
25,65,50,0.75,6,sum-linear,binary
25,65,50,0.5,7,sum-linear,binary
25,65,50,0.625,8,sum-linear,binary
25,65,50,0.625,9,sum-linear,binary
25,65,50,0.5,10,sum-linear,binary
25,70,50,0.7142857142857143,1,sum-linear,binary
25,70,50,0.5714285714285714,2,sum-linear,binary
25,70,50,0.2857142857142857,3,sum-linear,binary
25,70,50,0.42857142857142855,4,sum-linear,binary
25,70,50,0.14285714285714285,5,sum-linear,binary
25,70,50,0.8571428571428571,6,sum-linear,binary
25,70,50,0.42857142857142855,7,sum-linear,binary
25,70,50,0.42857142857142855,8,sum-linear,binary
25,70,50,0.7142857142857143,9,sum-linear,binary
25,70,50,0.8571428571428571,10,sum-linear,binary
25,75,50,0.3333333333333333,1,sum-linear,binary
25,75,50,0.3333333333333333,2,sum-linear,binary
25,75,50,0.8333333333333334,3,sum-linear,binary
25,75,50,0.6666666666666666,4,sum-linear,binary
25,75,50,0.5,5,sum-linear,binary
25,75,50,0.3333333333333333,6,sum-linear,binary
25,75,50,0.5,7,sum-linear,binary
25,75,50,0.16666666666666666,8,sum-linear,binary
25,75,50,0.5,9,sum-linear,binary
25,75,50,0.5,10,sum-linear,binary
25,80,50,0.8,1,sum-linear,binary
25,80,50,0.6,2,sum-linear,binary
25,80,50,1,3,sum-linear,binary
25,80,50,1,4,sum-linear,binary
25,80,50,1,5,sum-linear,binary
25,80,50,1,6,sum-linear,binary
25,80,50,0.6,7,sum-linear,binary
25,80,50,0.2,8,sum-linear,binary
25,80,50,0.4,9,sum-linear,binary
25,80,50,0.4,10,sum-linear,binary
25,85,50,0.6666666666666666,1,sum-linear,binary
25,85,50,0.3333333333333333,2,sum-linear,binary
25,85,50,0.6666666666666666,3,sum-linear,binary
25,85,50,1,4,sum-linear,binary
25,85,50,0.6666666666666666,5,sum-linear,binary
25,85,50,0.6666666666666666,6,sum-linear,binary
25,85,50,1,7,sum-linear,binary
25,85,50,0.6666666666666666,8,sum-linear,binary
25,85,50,0.6666666666666666,9,sum-linear,binary
25,85,50,0.3333333333333333,10,sum-linear,binary
25,90,50,0.5,1,sum-linear,binary
25,90,50,0,2,sum-linear,binary
25,90,50,1,3,sum-linear,binary
25,90,50,1,4,sum-linear,binary
25,90,50,1,5,sum-linear,binary
25,90,50,0,6,sum-linear,binary
25,90,50,0.5,7,sum-linear,binary
25,90,50,1,8,sum-linear,binary
25,90,50,0,9,sum-linear,binary
25,90,50,1,10,sum-linear,binary
25,95,50,0,1,sum-linear,binary
25,95,50,1,2,sum-linear,binary
25,95,50,1,3,sum-linear,binary
25,95,50,0,4,sum-linear,binary
25,95,50,0,5,sum-linear,binary
25,95,50,0,6,sum-linear,binary
25,95,50,1,7,sum-linear,binary
25,95,50,1,8,sum-linear,binary
25,95,50,0,9,sum-linear,binary
25,95,50,1,10,sum-linear,binary
25,5,50,0,1,product,binary
25,5,50,0.043478260869565216,2,product,binary
25,5,50,0,3,product,binary
25,5,50,0,4,product,binary
25,5,50,0.08695652173913043,5,product,binary
25,5,50,0.08695652173913043,6,product,binary
25,5,50,0.043478260869565216,7,product,binary
25,5,50,0,8,product,binary
25,5,50,0,9,product,binary
25,5,50,0,10,product,binary
25,10,50,0,1,product,binary
25,10,50,0,2,product,binary
25,10,50,0,3,product,binary
25,10,50,0.13636363636363635,4,product,binary
25,10,50,0.045454545454545456,5,product,binary
25,10,50,0,6,product,binary
25,10,50,0.045454545454545456,7,product,binary
25,10,50,0.045454545454545456,8,product,binary
25,10,50,0.045454545454545456,9,product,binary
25,10,50,0.13636363636363635,10,product,binary
25,15,50,0,1,product,binary
25,15,50,0.047619047619047616,2,product,binary
25,15,50,0.09523809523809523,3,product,binary
25,15,50,0.09523809523809523,4,product,binary
25,15,50,0.09523809523809523,5,product,binary
25,15,50,0.047619047619047616,6,product,binary
25,15,50,0.23809523809523808,7,product,binary
25,15,50,0.047619047619047616,8,product,binary
25,15,50,0,9,product,binary
25,15,50,0.047619047619047616,10,product,binary
25,20,50,0.05,1,product,binary
25,20,50,0.1,2,product,binary
25,20,50,0,3,product,binary
25,20,50,0.25,4,product,binary
25,20,50,0,5,product,binary
25,20,50,0,6,product,binary
25,20,50,0.05,7,product,binary
25,20,50,0.05,8,product,binary
25,20,50,0,9,product,binary
25,20,50,0.15,10,product,binary
25,25,50,0.05555555555555555,1,product,binary
25,25,50,0.05555555555555555,2,product,binary
25,25,50,0.05555555555555555,3,product,binary
25,25,50,0.05555555555555555,4,product,binary
25,25,50,0.05555555555555555,5,product,binary
25,25,50,0.16666666666666666,6,product,binary
25,25,50,0.16666666666666666,7,product,binary
25,25,50,0.16666666666666666,8,product,binary
25,25,50,0.1111111111111111,9,product,binary
25,25,50,0.16666666666666666,10,product,binary
25,30,50,0.35294117647058826,1,product,binary
25,30,50,0.058823529411764705,2,product,binary
25,30,50,0.058823529411764705,3,product,binary
25,30,50,0.29411764705882354,4,product,binary
25,30,50,0.17647058823529413,5,product,binary
25,30,50,0.23529411764705882,6,product,binary
25,30,50,0,7,product,binary
25,30,50,0.058823529411764705,8,product,binary
25,30,50,0.17647058823529413,9,product,binary
25,30,50,0.058823529411764705,10,product,binary
25,35,50,0.125,1,product,binary
25,35,50,0.125,2,product,binary
25,35,50,0.125,3,product,binary
25,35,50,0.0625,4,product,binary
25,35,50,0.125,5,product,binary
25,35,50,0.125,6,product,binary
25,35,50,0.0625,7,product,binary
25,35,50,0.0625,8,product,binary
25,35,50,0.125,9,product,binary
25,35,50,0.1875,10,product,binary
25,40,50,0.26666666666666666,1,product,binary
25,40,50,0.13333333333333333,2,product,binary
25,40,50,0.06666666666666667,3,product,binary
25,40,50,0.06666666666666667,4,product,binary
25,40,50,0.13333333333333333,5,product,binary
25,40,50,0.13333333333333333,6,product,binary
25,40,50,0.2,7,product,binary
25,40,50,0.13333333333333333,8,product,binary
25,40,50,0.2,9,product,binary
25,40,50,0.2,10,product,binary
25,45,50,0.3076923076923077,1,product,binary
25,45,50,0.07692307692307693,2,product,binary
25,45,50,0.07692307692307693,3,product,binary
25,45,50,0.23076923076923078,4,product,binary
25,45,50,0.15384615384615385,5,product,binary
25,45,50,0.23076923076923078,6,product,binary
25,45,50,0.23076923076923078,7,product,binary
25,45,50,0.3076923076923077,8,product,binary
25,45,50,0,9,product,binary
25,45,50,0.23076923076923078,10,product,binary
25,50,50,0.3333333333333333,1,product,binary
25,50,50,0.08333333333333333,2,product,binary
25,50,50,0.16666666666666666,3,product,binary
25,50,50,0.16666666666666666,4,product,binary
25,50,50,0.08333333333333333,5,product,binary
25,50,50,0.08333333333333333,6,product,binary
25,50,50,0.08333333333333333,7,product,binary
25,50,50,0.16666666666666666,8,product,binary
25,50,50,0.3333333333333333,9,product,binary
25,50,50,0.16666666666666666,10,product,binary
25,55,50,0.18181818181818182,1,product,binary
25,55,50,0.18181818181818182,2,product,binary
25,55,50,0.18181818181818182,3,product,binary
25,55,50,0.2727272727272727,4,product,binary
25,55,50,0,5,product,binary
25,55,50,0.36363636363636365,6,product,binary
25,55,50,0.36363636363636365,7,product,binary
25,55,50,0.09090909090909091,8,product,binary
25,55,50,0.18181818181818182,9,product,binary
25,55,50,0.09090909090909091,10,product,binary
25,60,50,0,1,product,binary
25,60,50,0.2,2,product,binary
25,60,50,0.1,3,product,binary
25,60,50,0.1,4,product,binary
25,60,50,0.3,5,product,binary
25,60,50,0.3,6,product,binary
25,60,50,0.1,7,product,binary
25,60,50,0.5,8,product,binary
25,60,50,0.4,9,product,binary
25,60,50,0.1,10,product,binary
25,65,50,0.125,1,product,binary
25,65,50,0.25,2,product,binary
25,65,50,0.375,3,product,binary
25,65,50,0.25,4,product,binary
25,65,50,0.125,5,product,binary
25,65,50,0.625,6,product,binary
25,65,50,0.375,7,product,binary
25,65,50,0.125,8,product,binary
25,65,50,0.125,9,product,binary
25,65,50,0.25,10,product,binary
25,70,50,0.42857142857142855,1,product,binary
25,70,50,0.2857142857142857,2,product,binary
25,70,50,0.14285714285714285,3,product,binary
25,70,50,0,4,product,binary
25,70,50,0,5,product,binary
25,70,50,0.2857142857142857,6,product,binary
25,70,50,0.14285714285714285,7,product,binary
25,70,50,0.14285714285714285,8,product,binary
25,70,50,0,9,product,binary
25,70,50,0.42857142857142855,10,product,binary
25,75,50,0.3333333333333333,1,product,binary
25,75,50,0.16666666666666666,2,product,binary
25,75,50,0.5,3,product,binary
25,75,50,0.16666666666666666,4,product,binary
25,75,50,0.8333333333333334,5,product,binary
25,75,50,0.5,6,product,binary
25,75,50,0.5,7,product,binary
25,75,50,0,8,product,binary
25,75,50,0.3333333333333333,9,product,binary
25,75,50,0,10,product,binary
25,80,50,0,1,product,binary
25,80,50,0.4,2,product,binary
25,80,50,0.2,3,product,binary
25,80,50,0.4,4,product,binary
25,80,50,0.2,5,product,binary
25,80,50,0,6,product,binary
25,80,50,0.4,7,product,binary
25,80,50,0.2,8,product,binary
25,80,50,0.2,9,product,binary
25,80,50,1,10,product,binary
25,85,50,0.3333333333333333,1,product,binary
25,85,50,0.3333333333333333,2,product,binary
25,85,50,0,3,product,binary
25,85,50,0.3333333333333333,4,product,binary
25,85,50,0.3333333333333333,5,product,binary
25,85,50,0.3333333333333333,6,product,binary
25,85,50,0,7,product,binary
25,85,50,0.6666666666666666,8,product,binary
25,85,50,1,9,product,binary
25,85,50,0.6666666666666666,10,product,binary
25,90,50,0,1,product,binary
25,90,50,0.5,2,product,binary
25,90,50,0,3,product,binary
25,90,50,0.5,4,product,binary
25,90,50,0.5,5,product,binary
25,90,50,0.5,6,product,binary
25,90,50,0.5,7,product,binary
25,90,50,0.5,8,product,binary
25,90,50,0.5,9,product,binary
25,90,50,0.5,10,product,binary
25,95,50,0,1,product,binary
25,95,50,1,2,product,binary
25,95,50,1,3,product,binary
25,95,50,0,4,product,binary
25,95,50,0,5,product,binary
25,95,50,0,6,product,binary
25,95,50,0,7,product,binary
25,95,50,0,8,product,binary
25,95,50,0,9,product,binary
25,95,50,0,10,product,binary
50,5,50,0.3404255319148936,1,sum-linear,binary
50,5,50,0.5319148936170213,2,sum-linear,binary
50,5,50,0.5106382978723404,3,sum-linear,binary
50,5,50,0.48936170212765956,4,sum-linear,binary
50,5,50,0.44680851063829785,5,sum-linear,binary
50,5,50,0.44680851063829785,6,sum-linear,binary
50,5,50,0.46808510638297873,7,sum-linear,binary
50,5,50,0.44680851063829785,8,sum-linear,binary
50,5,50,0.48936170212765956,9,sum-linear,binary
50,5,50,0.3404255319148936,10,sum-linear,binary
50,10,50,0.5333333333333333,1,sum-linear,binary
50,10,50,0.5555555555555556,2,sum-linear,binary
50,10,50,0.35555555555555557,3,sum-linear,binary
50,10,50,0.3111111111111111,4,sum-linear,binary
50,10,50,0.4222222222222222,5,sum-linear,binary
50,10,50,0.5111111111111111,6,sum-linear,binary
50,10,50,0.5111111111111111,7,sum-linear,binary
50,10,50,0.4666666666666667,8,sum-linear,binary
50,10,50,0.4888888888888889,9,sum-linear,binary
50,10,50,0.26666666666666666,10,sum-linear,binary
50,15,50,0.47619047619047616,1,sum-linear,binary
50,15,50,0.4523809523809524,2,sum-linear,binary
50,15,50,0.47619047619047616,3,sum-linear,binary
50,15,50,0.4523809523809524,4,sum-linear,binary
50,15,50,0.35714285714285715,5,sum-linear,binary
50,15,50,0.6190476190476191,6,sum-linear,binary
50,15,50,0.3333333333333333,7,sum-linear,binary
50,15,50,0.35714285714285715,8,sum-linear,binary
50,15,50,0.5,9,sum-linear,binary
50,15,50,0.38095238095238093,10,sum-linear,binary
50,20,50,0.75,1,sum-linear,binary
50,20,50,0.375,2,sum-linear,binary
50,20,50,0.525,3,sum-linear,binary
50,20,50,0.6,4,sum-linear,binary
50,20,50,0.45,5,sum-linear,binary
50,20,50,0.425,6,sum-linear,binary
50,20,50,0.525,7,sum-linear,binary
50,20,50,0.55,8,sum-linear,binary
50,20,50,0.55,9,sum-linear,binary
50,20,50,0.525,10,sum-linear,binary
50,25,50,0.6486486486486487,1,sum-linear,binary
50,25,50,0.6486486486486487,2,sum-linear,binary
50,25,50,0.35135135135135137,3,sum-linear,binary
50,25,50,0.3783783783783784,4,sum-linear,binary
50,25,50,0.5135135135135135,5,sum-linear,binary
50,25,50,0.40540540540540543,6,sum-linear,binary
50,25,50,0.43243243243243246,7,sum-linear,binary
50,25,50,0.6756756756756757,8,sum-linear,binary
50,25,50,0.4864864864864865,9,sum-linear,binary
50,25,50,0.5405405405405406,10,sum-linear,binary
50,30,50,0.34285714285714286,1,sum-linear,binary
50,30,50,0.5142857142857142,2,sum-linear,binary
50,30,50,0.42857142857142855,3,sum-linear,binary
50,30,50,0.4857142857142857,4,sum-linear,binary
50,30,50,0.37142857142857144,5,sum-linear,binary
50,30,50,0.5142857142857142,6,sum-linear,binary
50,30,50,0.45714285714285713,7,sum-linear,binary
50,30,50,0.5142857142857142,8,sum-linear,binary
50,30,50,0.4857142857142857,9,sum-linear,binary
50,30,50,0.42857142857142855,10,sum-linear,binary
50,35,50,0.59375,1,sum-linear,binary
50,35,50,0.53125,2,sum-linear,binary
50,35,50,0.5,3,sum-linear,binary
50,35,50,0.625,4,sum-linear,binary
50,35,50,0.75,5,sum-linear,binary
50,35,50,0.53125,6,sum-linear,binary
50,35,50,0.59375,7,sum-linear,binary
50,35,50,0.3125,8,sum-linear,binary
50,35,50,0.46875,9,sum-linear,binary
50,35,50,0.71875,10,sum-linear,binary
50,40,50,0.3333333333333333,1,sum-linear,binary
50,40,50,0.6,2,sum-linear,binary
50,40,50,0.4666666666666667,3,sum-linear,binary
50,40,50,0.5333333333333333,4,sum-linear,binary
50,40,50,0.5666666666666667,5,sum-linear,binary
50,40,50,0.5,6,sum-linear,binary
50,40,50,0.43333333333333335,7,sum-linear,binary
50,40,50,0.36666666666666664,8,sum-linear,binary
50,40,50,0.43333333333333335,9,sum-linear,binary
50,40,50,0.5666666666666667,10,sum-linear,binary
50,45,50,0.4444444444444444,1,sum-linear,binary
50,45,50,0.5185185185185185,2,sum-linear,binary
50,45,50,0.6666666666666666,3,sum-linear,binary
50,45,50,0.4074074074074074,4,sum-linear,binary
50,45,50,0.5925925925925926,5,sum-linear,binary
50,45,50,0.6296296296296297,6,sum-linear,binary
50,45,50,0.6666666666666666,7,sum-linear,binary
50,45,50,0.5925925925925926,8,sum-linear,binary
50,45,50,0.5185185185185185,9,sum-linear,binary
50,45,50,0.48148148148148145,10,sum-linear,binary
50,50,50,0.64,1,sum-linear,binary
50,50,50,0.48,2,sum-linear,binary
50,50,50,0.6,3,sum-linear,binary
50,50,50,0.36,4,sum-linear,binary
50,50,50,0.76,5,sum-linear,binary
50,50,50,0.6,6,sum-linear,binary
50,50,50,0.64,7,sum-linear,binary
50,50,50,0.36,8,sum-linear,binary
50,50,50,0.4,9,sum-linear,binary
50,50,50,0.6,10,sum-linear,binary
50,55,50,0.5909090909090909,1,sum-linear,binary
50,55,50,0.3181818181818182,2,sum-linear,binary
50,55,50,0.4090909090909091,3,sum-linear,binary
50,55,50,0.5,4,sum-linear,binary
50,55,50,0.45454545454545453,5,sum-linear,binary
50,55,50,0.5,6,sum-linear,binary
50,55,50,0.7727272727272727,7,sum-linear,binary
50,55,50,0.4090909090909091,8,sum-linear,binary
50,55,50,0.4090909090909091,9,sum-linear,binary
50,55,50,0.5,10,sum-linear,binary
50,60,50,0.65,1,sum-linear,binary
50,60,50,0.5,2,sum-linear,binary
50,60,50,0.65,3,sum-linear,binary
50,60,50,0.65,4,sum-linear,binary
50,60,50,0.4,5,sum-linear,binary
50,60,50,0.7,6,sum-linear,binary
50,60,50,0.65,7,sum-linear,binary
50,60,50,0.65,8,sum-linear,binary
50,60,50,0.4,9,sum-linear,binary
50,60,50,0.55,10,sum-linear,binary
50,65,50,0.4117647058823529,1,sum-linear,binary
50,65,50,0.4117647058823529,2,sum-linear,binary
50,65,50,0.4117647058823529,3,sum-linear,binary
50,65,50,0.7058823529411765,4,sum-linear,binary
50,65,50,0.47058823529411764,5,sum-linear,binary
50,65,50,0.6470588235294118,6,sum-linear,binary
50,65,50,0.8235294117647058,7,sum-linear,binary
50,65,50,0.8235294117647058,8,sum-linear,binary
50,65,50,0.7647058823529411,9,sum-linear,binary
50,65,50,0.4117647058823529,10,sum-linear,binary
50,70,50,0.4666666666666667,1,sum-linear,binary
50,70,50,0.8,2,sum-linear,binary
50,70,50,0.8,3,sum-linear,binary
50,70,50,0.7333333333333333,4,sum-linear,binary
50,70,50,0.6666666666666666,5,sum-linear,binary
50,70,50,0.4666666666666667,6,sum-linear,binary
50,70,50,0.3333333333333333,7,sum-linear,binary
50,70,50,0.7333333333333333,8,sum-linear,binary
50,70,50,0.6666666666666666,9,sum-linear,binary
50,70,50,0.6666666666666666,10,sum-linear,binary
50,75,50,0.5,1,sum-linear,binary
50,75,50,0.5833333333333334,2,sum-linear,binary
50,75,50,0.5,3,sum-linear,binary
50,75,50,0.5,4,sum-linear,binary
50,75,50,0.3333333333333333,5,sum-linear,binary
50,75,50,0.75,6,sum-linear,binary
50,75,50,0.5,7,sum-linear,binary
50,75,50,0.6666666666666666,8,sum-linear,binary
50,75,50,0.5833333333333334,9,sum-linear,binary
50,75,50,0.8333333333333334,10,sum-linear,binary
50,80,50,0.5,1,sum-linear,binary
50,80,50,0.7,2,sum-linear,binary
50,80,50,0.7,3,sum-linear,binary
50,80,50,0.6,4,sum-linear,binary
50,80,50,0.6,5,sum-linear,binary
50,80,50,0.8,6,sum-linear,binary
50,80,50,0.4,7,sum-linear,binary
50,80,50,0.9,8,sum-linear,binary
50,80,50,0.6,9,sum-linear,binary
50,80,50,0.9,10,sum-linear,binary
50,85,50,0.7142857142857143,1,sum-linear,binary
50,85,50,0.5714285714285714,2,sum-linear,binary
50,85,50,0.2857142857142857,3,sum-linear,binary
50,85,50,0.2857142857142857,4,sum-linear,binary
50,85,50,0.7142857142857143,5,sum-linear,binary
50,85,50,0.42857142857142855,6,sum-linear,binary
50,85,50,0.42857142857142855,7,sum-linear,binary
50,85,50,0.5714285714285714,8,sum-linear,binary
50,85,50,0.7142857142857143,9,sum-linear,binary
50,85,50,0.7142857142857143,10,sum-linear,binary
50,90,50,1,1,sum-linear,binary
50,90,50,0.6,2,sum-linear,binary
50,90,50,0.6,3,sum-linear,binary
50,90,50,0.8,4,sum-linear,binary
50,90,50,0.6,5,sum-linear,binary
50,90,50,1,6,sum-linear,binary
50,90,50,0.8,7,sum-linear,binary
50,90,50,0.4,8,sum-linear,binary
50,90,50,1,9,sum-linear,binary
50,90,50,0.6,10,sum-linear,binary
50,95,50,0.5,1,sum-linear,binary
50,95,50,1,2,sum-linear,binary
50,95,50,0.5,3,sum-linear,binary
50,95,50,1,4,sum-linear,binary
50,95,50,1,5,sum-linear,binary
50,95,50,1,6,sum-linear,binary
50,95,50,1,7,sum-linear,binary
50,95,50,0.5,8,sum-linear,binary
50,95,50,0.5,9,sum-linear,binary
50,95,50,1,10,sum-linear,binary
50,5,50,0.02127659574468085,1,product,binary
50,5,50,0,2,product,binary
50,5,50,0.02127659574468085,3,product,binary
50,5,50,0.06382978723404255,4,product,binary
50,5,50,0,5,product,binary
50,5,50,0.0425531914893617,6,product,binary
50,5,50,0.02127659574468085,7,product,binary
50,5,50,0.02127659574468085,8,product,binary
50,5,50,0.0425531914893617,9,product,binary
50,5,50,0.02127659574468085,10,product,binary
50,10,50,0,1,product,binary
50,10,50,0.022222222222222223,2,product,binary
50,10,50,0.044444444444444446,3,product,binary
50,10,50,0.022222222222222223,4,product,binary
50,10,50,0.06666666666666667,5,product,binary
50,10,50,0.044444444444444446,6,product,binary
50,10,50,0.022222222222222223,7,product,binary
50,10,50,0.06666666666666667,8,product,binary
50,10,50,0.06666666666666667,9,product,binary
50,10,50,0.06666666666666667,10,product,binary
50,15,50,0.19047619047619047,1,product,binary
50,15,50,0.09523809523809523,2,product,binary
50,15,50,0.047619047619047616,3,product,binary
50,15,50,0.023809523809523808,4,product,binary
50,15,50,0.047619047619047616,5,product,binary
50,15,50,0.023809523809523808,6,product,binary
50,15,50,0.07142857142857142,7,product,binary
50,15,50,0.07142857142857142,8,product,binary
50,15,50,0.11904761904761904,9,product,binary
50,15,50,0.047619047619047616,10,product,binary
50,20,50,0.075,1,product,binary
50,20,50,0.15,2,product,binary
50,20,50,0.075,3,product,binary
50,20,50,0.075,4,product,binary
50,20,50,0.125,5,product,binary
50,20,50,0.05,6,product,binary
50,20,50,0.175,7,product,binary
50,20,50,0.1,8,product,binary
50,20,50,0.1,9,product,binary
50,20,50,0.05,10,product,binary
50,25,50,0.05405405405405406,1,product,binary
50,25,50,0.05405405405405406,2,product,binary
50,25,50,0.08108108108108109,3,product,binary
50,25,50,0,4,product,binary
50,25,50,0.13513513513513514,5,product,binary
50,25,50,0.02702702702702703,6,product,binary
50,25,50,0.08108108108108109,7,product,binary
50,25,50,0,8,product,binary
50,25,50,0.10810810810810811,9,product,binary
50,25,50,0.08108108108108109,10,product,binary
50,30,50,0.2,1,product,binary
50,30,50,0.02857142857142857,2,product,binary
50,30,50,0.22857142857142856,3,product,binary
50,30,50,0.11428571428571428,4,product,binary
50,30,50,0.11428571428571428,5,product,binary
50,30,50,0.05714285714285714,6,product,binary
50,30,50,0.08571428571428572,7,product,binary
50,30,50,0.11428571428571428,8,product,binary
50,30,50,0.08571428571428572,9,product,binary
50,30,50,0.17142857142857143,10,product,binary
50,35,50,0.09375,1,product,binary
50,35,50,0.09375,2,product,binary
50,35,50,0.125,3,product,binary
50,35,50,0.125,4,product,binary
50,35,50,0.15625,5,product,binary
50,35,50,0.09375,6,product,binary
50,35,50,0.09375,7,product,binary
50,35,50,0.15625,8,product,binary
50,35,50,0.125,9,product,binary
50,35,50,0.09375,10,product,binary
50,40,50,0.1,1,product,binary
50,40,50,0.1,2,product,binary
50,40,50,0.06666666666666667,3,product,binary
50,40,50,0.1,4,product,binary
50,40,50,0.16666666666666666,5,product,binary
50,40,50,0.16666666666666666,6,product,binary
50,40,50,0.3,7,product,binary
50,40,50,0.23333333333333334,8,product,binary
50,40,50,0.1,9,product,binary
50,40,50,0.13333333333333333,10,product,binary
50,45,50,0.037037037037037035,1,product,binary
50,45,50,0.2222222222222222,2,product,binary
50,45,50,0.1111111111111111,3,product,binary
50,45,50,0.07407407407407407,4,product,binary
50,45,50,0.2962962962962963,5,product,binary
50,45,50,0.25925925925925924,6,product,binary
50,45,50,0.07407407407407407,7,product,binary
50,45,50,0.14814814814814814,8,product,binary
50,45,50,0.1111111111111111,9,product,binary
50,45,50,0.07407407407407407,10,product,binary
50,50,50,0.08,1,product,binary
50,50,50,0.08,2,product,binary
50,50,50,0.2,3,product,binary
50,50,50,0.16,4,product,binary
50,50,50,0.12,5,product,binary
50,50,50,0.16,6,product,binary
50,50,50,0.24,7,product,binary
50,50,50,0.32,8,product,binary
50,50,50,0.16,9,product,binary
50,50,50,0.24,10,product,binary
50,55,50,0.09090909090909091,1,product,binary
50,55,50,0.4090909090909091,2,product,binary
50,55,50,0.2727272727272727,3,product,binary
50,55,50,0.09090909090909091,4,product,binary
50,55,50,0.09090909090909091,5,product,binary
50,55,50,0.13636363636363635,6,product,binary
50,55,50,0.09090909090909091,7,product,binary
50,55,50,0.2727272727272727,8,product,binary
50,55,50,0.18181818181818182,9,product,binary
50,55,50,0.22727272727272727,10,product,binary
50,60,50,0,1,product,binary
50,60,50,0.05,2,product,binary
50,60,50,0.35,3,product,binary
50,60,50,0.2,4,product,binary
50,60,50,0.25,5,product,binary
50,60,50,0.1,6,product,binary
50,60,50,0.1,7,product,binary
50,60,50,0.15,8,product,binary
50,60,50,0.2,9,product,binary
50,60,50,0.3,10,product,binary
50,65,50,0.11764705882352941,1,product,binary
50,65,50,0.29411764705882354,2,product,binary
50,65,50,0.29411764705882354,3,product,binary
50,65,50,0.5294117647058824,4,product,binary
50,65,50,0.23529411764705882,5,product,binary
50,65,50,0.23529411764705882,6,product,binary
50,65,50,0.11764705882352941,7,product,binary
50,65,50,0.23529411764705882,8,product,binary
50,65,50,0.058823529411764705,9,product,binary
50,65,50,0.058823529411764705,10,product,binary
50,70,50,0.4,1,product,binary
50,70,50,0.4,2,product,binary
50,70,50,0.4,3,product,binary
50,70,50,0.26666666666666666,4,product,binary
50,70,50,0.13333333333333333,5,product,binary
50,70,50,0.4666666666666667,6,product,binary
50,70,50,0.3333333333333333,7,product,binary
50,70,50,0.06666666666666667,8,product,binary
50,70,50,0.13333333333333333,9,product,binary
50,70,50,0.13333333333333333,10,product,binary
50,75,50,0.16666666666666666,1,product,binary
50,75,50,0.3333333333333333,2,product,binary
50,75,50,0.16666666666666666,3,product,binary
50,75,50,0.4166666666666667,4,product,binary
50,75,50,0.16666666666666666,5,product,binary
50,75,50,0.3333333333333333,6,product,binary
50,75,50,0.4166666666666667,7,product,binary
50,75,50,0.16666666666666666,8,product,binary
50,75,50,0.3333333333333333,9,product,binary
50,75,50,0.16666666666666666,10,product,binary
50,80,50,0.2,1,product,binary
50,80,50,0.1,2,product,binary
50,80,50,0.3,3,product,binary
50,80,50,0.2,4,product,binary
50,80,50,0,5,product,binary
50,80,50,0.1,6,product,binary
50,80,50,0.1,7,product,binary
50,80,50,0,8,product,binary
50,80,50,0.5,9,product,binary
50,80,50,0.4,10,product,binary
50,85,50,0.2857142857142857,1,product,binary
50,85,50,0.2857142857142857,2,product,binary
50,85,50,0.14285714285714285,3,product,binary
50,85,50,0.2857142857142857,4,product,binary
50,85,50,0.2857142857142857,5,product,binary
50,85,50,0.14285714285714285,6,product,binary
50,85,50,0.14285714285714285,7,product,binary
50,85,50,0.14285714285714285,8,product,binary
50,85,50,0,9,product,binary
50,85,50,0.14285714285714285,10,product,binary
50,90,50,0.2,1,product,binary
50,90,50,0,2,product,binary
50,90,50,0.4,3,product,binary
50,90,50,0.2,4,product,binary
50,90,50,0.2,5,product,binary
50,90,50,0.2,6,product,binary
50,90,50,0.2,7,product,binary
50,90,50,0,8,product,binary
50,90,50,0.6,9,product,binary
50,90,50,0.2,10,product,binary
50,95,50,0.5,1,product,binary
50,95,50,0,2,product,binary
50,95,50,0,3,product,binary
50,95,50,0.5,4,product,binary
50,95,50,0.5,5,product,binary
50,95,50,0,6,product,binary
50,95,50,0,7,product,binary
50,95,50,0.5,8,product,binary
50,95,50,0,9,product,binary
50,95,50,0,10,product,binary
100,5,50,0.4842105263157895,1,sum-linear,binary
100,5,50,0.5263157894736842,2,sum-linear,binary
100,5,50,0.37894736842105264,3,sum-linear,binary
100,5,50,0.5052631578947369,4,sum-linear,binary
100,5,50,0.5052631578947369,5,sum-linear,binary
100,5,50,0.49473684210526314,6,sum-linear,binary
100,5,50,0.37894736842105264,7,sum-linear,binary
100,5,50,0.45263157894736844,8,sum-linear,binary
100,5,50,0.5578947368421052,9,sum-linear,binary
100,5,50,0.5052631578947369,10,sum-linear,binary
100,10,50,0.37777777777777777,1,sum-linear,binary
100,10,50,0.4666666666666667,2,sum-linear,binary
100,10,50,0.4222222222222222,3,sum-linear,binary
100,10,50,0.5111111111111111,4,sum-linear,binary
100,10,50,0.34444444444444444,5,sum-linear,binary
100,10,50,0.5111111111111111,6,sum-linear,binary
100,10,50,0.35555555555555557,7,sum-linear,binary
100,10,50,0.45555555555555555,8,sum-linear,binary
100,10,50,0.5555555555555556,9,sum-linear,binary
100,10,50,0.36666666666666664,10,sum-linear,binary
100,15,50,0.38823529411764707,1,sum-linear,binary
100,15,50,0.47058823529411764,2,sum-linear,binary
100,15,50,0.5294117647058824,3,sum-linear,binary
100,15,50,0.5882352941176471,4,sum-linear,binary
100,15,50,0.49411764705882355,5,sum-linear,binary
100,15,50,0.47058823529411764,6,sum-linear,binary
100,15,50,0.4117647058823529,7,sum-linear,binary
100,15,50,0.47058823529411764,8,sum-linear,binary
100,15,50,0.47058823529411764,9,sum-linear,binary
100,15,50,0.4588235294117647,10,sum-linear,binary
100,20,50,0.425,1,sum-linear,binary
100,20,50,0.45,2,sum-linear,binary
100,20,50,0.4875,3,sum-linear,binary
100,20,50,0.4,4,sum-linear,binary
100,20,50,0.5375,5,sum-linear,binary
100,20,50,0.5125,6,sum-linear,binary
100,20,50,0.575,7,sum-linear,binary
100,20,50,0.375,8,sum-linear,binary
100,20,50,0.5375,9,sum-linear,binary
100,20,50,0.475,10,sum-linear,binary
100,25,50,0.4533333333333333,1,sum-linear,binary
100,25,50,0.5733333333333334,2,sum-linear,binary
100,25,50,0.6133333333333333,3,sum-linear,binary
100,25,50,0.5866666666666667,4,sum-linear,binary
100,25,50,0.44,5,sum-linear,binary
100,25,50,0.49333333333333335,6,sum-linear,binary
100,25,50,0.4,7,sum-linear,binary
100,25,50,0.48,8,sum-linear,binary
100,25,50,0.4533333333333333,9,sum-linear,binary
100,25,50,0.37333333333333335,10,sum-linear,binary
100,30,50,0.4857142857142857,1,sum-linear,binary
100,30,50,0.5857142857142857,2,sum-linear,binary
100,30,50,0.5571428571428572,3,sum-linear,binary
100,30,50,0.6,4,sum-linear,binary
100,30,50,0.4857142857142857,5,sum-linear,binary
100,30,50,0.5285714285714286,6,sum-linear,binary
100,30,50,0.4714285714285714,7,sum-linear,binary
100,30,50,0.5714285714285714,8,sum-linear,binary
100,30,50,0.45714285714285713,9,sum-linear,binary
100,30,50,0.4,10,sum-linear,binary
100,35,50,0.7846153846153846,1,sum-linear,binary
100,35,50,0.49230769230769234,2,sum-linear,binary
100,35,50,0.5692307692307692,3,sum-linear,binary
100,35,50,0.5076923076923077,4,sum-linear,binary
100,35,50,0.4461538461538462,5,sum-linear,binary
100,35,50,0.6153846153846154,6,sum-linear,binary
100,35,50,0.38461538461538464,7,sum-linear,binary
100,35,50,0.5384615384615384,8,sum-linear,binary
100,35,50,0.4461538461538462,9,sum-linear,binary
100,35,50,0.6,10,sum-linear,binary
100,40,50,0.4166666666666667,1,sum-linear,binary
100,40,50,0.5,2,sum-linear,binary
100,40,50,0.5666666666666667,3,sum-linear,binary
100,40,50,0.5,4,sum-linear,binary
100,40,50,0.48333333333333334,5,sum-linear,binary
100,40,50,0.5666666666666667,6,sum-linear,binary
100,40,50,0.5166666666666667,7,sum-linear,binary
100,40,50,0.5,8,sum-linear,binary
100,40,50,0.4666666666666667,9,sum-linear,binary
100,40,50,0.5166666666666667,10,sum-linear,binary
100,45,50,0.34545454545454546,1,sum-linear,binary
100,45,50,0.4909090909090909,2,sum-linear,binary
100,45,50,0.5636363636363636,3,sum-linear,binary
100,45,50,0.4909090909090909,4,sum-linear,binary
100,45,50,0.4909090909090909,5,sum-linear,binary
100,45,50,0.6181818181818182,6,sum-linear,binary
100,45,50,0.4727272727272727,7,sum-linear,binary
100,45,50,0.45454545454545453,8,sum-linear,binary
100,45,50,0.4727272727272727,9,sum-linear,binary
100,45,50,0.5818181818181818,10,sum-linear,binary
100,50,50,0.58,1,sum-linear,binary
100,50,50,0.52,2,sum-linear,binary
100,50,50,0.5,3,sum-linear,binary
100,50,50,0.54,4,sum-linear,binary
100,50,50,0.58,5,sum-linear,binary
100,50,50,0.46,6,sum-linear,binary
100,50,50,0.5,7,sum-linear,binary
100,50,50,0.5,8,sum-linear,binary
100,50,50,0.56,9,sum-linear,binary
100,50,50,0.56,10,sum-linear,binary
100,55,50,0.6222222222222222,1,sum-linear,binary
100,55,50,0.4666666666666667,2,sum-linear,binary
100,55,50,0.6888888888888889,3,sum-linear,binary
100,55,50,0.4666666666666667,4,sum-linear,binary
100,55,50,0.4222222222222222,5,sum-linear,binary
100,55,50,0.4222222222222222,6,sum-linear,binary
100,55,50,0.4444444444444444,7,sum-linear,binary
100,55,50,0.5555555555555556,8,sum-linear,binary
100,55,50,0.4444444444444444,9,sum-linear,binary
100,55,50,0.4666666666666667,10,sum-linear,binary
100,60,50,0.55,1,sum-linear,binary
100,60,50,0.55,2,sum-linear,binary
100,60,50,0.55,3,sum-linear,binary
100,60,50,0.6,4,sum-linear,binary
100,60,50,0.475,5,sum-linear,binary
100,60,50,0.65,6,sum-linear,binary
100,60,50,0.65,7,sum-linear,binary
100,60,50,0.55,8,sum-linear,binary
100,60,50,0.6,9,sum-linear,binary
100,60,50,0.75,10,sum-linear,binary
100,65,50,0.5714285714285714,1,sum-linear,binary
100,65,50,0.42857142857142855,2,sum-linear,binary
100,65,50,0.5714285714285714,3,sum-linear,binary
100,65,50,0.4857142857142857,4,sum-linear,binary
100,65,50,0.7714285714285715,5,sum-linear,binary
100,65,50,0.45714285714285713,6,sum-linear,binary
100,65,50,0.6857142857142857,7,sum-linear,binary
100,65,50,0.6,8,sum-linear,binary
100,65,50,0.5142857142857142,9,sum-linear,binary
100,65,50,0.6,10,sum-linear,binary
100,70,50,0.5,1,sum-linear,binary
100,70,50,0.6333333333333333,2,sum-linear,binary
100,70,50,0.6,3,sum-linear,binary
100,70,50,0.5666666666666667,4,sum-linear,binary
100,70,50,0.6666666666666666,5,sum-linear,binary
100,70,50,0.5333333333333333,6,sum-linear,binary
100,70,50,0.7,7,sum-linear,binary
100,70,50,0.43333333333333335,8,sum-linear,binary
100,70,50,0.7,9,sum-linear,binary
100,70,50,0.5666666666666667,10,sum-linear,binary
100,75,50,0.4,1,sum-linear,binary
100,75,50,0.64,2,sum-linear,binary
100,75,50,0.64,3,sum-linear,binary
100,75,50,0.48,4,sum-linear,binary
100,75,50,0.4,5,sum-linear,binary
100,75,50,0.56,6,sum-linear,binary
100,75,50,0.64,7,sum-linear,binary
100,75,50,0.52,8,sum-linear,binary
100,75,50,0.6,9,sum-linear,binary
100,75,50,0.68,10,sum-linear,binary
100,80,50,0.6,1,sum-linear,binary
100,80,50,0.65,2,sum-linear,binary
100,80,50,0.55,3,sum-linear,binary
100,80,50,0.7,4,sum-linear,binary
100,80,50,0.7,5,sum-linear,binary
100,80,50,0.7,6,sum-linear,binary
100,80,50,0.6,7,sum-linear,binary
100,80,50,0.8,8,sum-linear,binary
100,80,50,0.45,9,sum-linear,binary
100,80,50,0.7,10,sum-linear,binary
100,85,50,0.6,1,sum-linear,binary
100,85,50,0.6,2,sum-linear,binary
100,85,50,0.7333333333333333,3,sum-linear,binary
100,85,50,0.4,4,sum-linear,binary
100,85,50,0.8,5,sum-linear,binary
100,85,50,0.4666666666666667,6,sum-linear,binary
100,85,50,0.4666666666666667,7,sum-linear,binary
100,85,50,0.5333333333333333,8,sum-linear,binary
100,85,50,0.4666666666666667,9,sum-linear,binary
100,85,50,0.6666666666666666,10,sum-linear,binary
100,90,50,0.6,1,sum-linear,binary
100,90,50,0.6,2,sum-linear,binary
100,90,50,0.4,3,sum-linear,binary
100,90,50,0.8,4,sum-linear,binary
100,90,50,0.7,5,sum-linear,binary
100,90,50,0.8,6,sum-linear,binary
100,90,50,0.8,7,sum-linear,binary
100,90,50,0.7,8,sum-linear,binary
100,90,50,0.6,9,sum-linear,binary
100,90,50,0.6,10,sum-linear,binary
100,95,50,0.8,1,sum-linear,binary
100,95,50,0.8,2,sum-linear,binary
100,95,50,1,3,sum-linear,binary
100,95,50,0.6,4,sum-linear,binary
100,95,50,0.8,5,sum-linear,binary
100,95,50,0.4,6,sum-linear,binary
100,95,50,0.4,7,sum-linear,binary
100,95,50,0.6,8,sum-linear,binary
100,95,50,0.4,9,sum-linear,binary
100,95,50,0.6,10,sum-linear,binary
100,5,50,0.021052631578947368,1,product,binary
100,5,50,0.042105263157894736,2,product,binary
100,5,50,0.021052631578947368,3,product,binary
100,5,50,0.021052631578947368,4,product,binary
100,5,50,0.021052631578947368,5,product,binary
100,5,50,0.010526315789473684,6,product,binary
100,5,50,0.010526315789473684,7,product,binary
100,5,50,0.021052631578947368,8,product,binary
100,5,50,0.010526315789473684,9,product,binary
100,5,50,0.010526315789473684,10,product,binary
100,10,50,0.07777777777777778,1,product,binary
100,10,50,0.022222222222222223,2,product,binary
100,10,50,0.022222222222222223,3,product,binary
100,10,50,0.05555555555555555,4,product,binary
100,10,50,0.022222222222222223,5,product,binary
100,10,50,0.05555555555555555,6,product,binary
100,10,50,0.011111111111111112,7,product,binary
100,10,50,0.022222222222222223,8,product,binary
100,10,50,0.05555555555555555,9,product,binary
100,10,50,0.011111111111111112,10,product,binary
100,15,50,0.058823529411764705,1,product,binary
100,15,50,0.011764705882352941,2,product,binary
100,15,50,0.023529411764705882,3,product,binary
100,15,50,0.023529411764705882,4,product,binary
100,15,50,0.03529411764705882,5,product,binary
100,15,50,0.023529411764705882,6,product,binary
100,15,50,0.058823529411764705,7,product,binary
100,15,50,0.09411764705882353,8,product,binary
100,15,50,0.10588235294117647,9,product,binary
100,15,50,0.03529411764705882,10,product,binary
100,20,50,0.1,1,product,binary
100,20,50,0.1,2,product,binary
100,20,50,0.025,3,product,binary
100,20,50,0.075,4,product,binary
100,20,50,0.05,5,product,binary
100,20,50,0.125,6,product,binary
100,20,50,0.0625,7,product,binary
100,20,50,0.125,8,product,binary
100,20,50,0.0625,9,product,binary
100,20,50,0.0875,10,product,binary
100,25,50,0.13333333333333333,1,product,binary
100,25,50,0.08,2,product,binary
100,25,50,0.16,3,product,binary
100,25,50,0.14666666666666667,4,product,binary
100,25,50,0.06666666666666667,5,product,binary
100,25,50,0.10666666666666667,6,product,binary
100,25,50,0.09333333333333334,7,product,binary
100,25,50,0.17333333333333334,8,product,binary
100,25,50,0.08,9,product,binary
100,25,50,0.05333333333333334,10,product,binary
100,30,50,0.05714285714285714,1,product,binary
100,30,50,0.14285714285714285,2,product,binary
100,30,50,0.15714285714285714,3,product,binary
100,30,50,0.17142857142857143,4,product,binary
100,30,50,0.07142857142857142,5,product,binary
100,30,50,0.08571428571428572,6,product,binary
100,30,50,0.12857142857142856,7,product,binary
100,30,50,0.11428571428571428,8,product,binary
100,30,50,0.11428571428571428,9,product,binary
100,30,50,0.1,10,product,binary
100,35,50,0.26153846153846155,1,product,binary
100,35,50,0.09230769230769231,2,product,binary
100,35,50,0.1076923076923077,3,product,binary
100,35,50,0.16923076923076924,4,product,binary
100,35,50,0.12307692307692308,5,product,binary
100,35,50,0.09230769230769231,6,product,binary
100,35,50,0.09230769230769231,7,product,binary
100,35,50,0.09230769230769231,8,product,binary
100,35,50,0.07692307692307693,9,product,binary
100,35,50,0.16923076923076924,10,product,binary
100,40,50,0.06666666666666667,1,product,binary
100,40,50,0.15,2,product,binary
100,40,50,0.23333333333333334,3,product,binary
100,40,50,0.18333333333333332,4,product,binary
100,40,50,0.11666666666666667,5,product,binary
100,40,50,0.08333333333333333,6,product,binary
100,40,50,0.11666666666666667,7,product,binary
100,40,50,0.18333333333333332,8,product,binary
100,40,50,0.26666666666666666,9,product,binary
100,40,50,0.16666666666666666,10,product,binary
100,45,50,0.09090909090909091,1,product,binary
100,45,50,0.2909090909090909,2,product,binary
100,45,50,0.09090909090909091,3,product,binary
100,45,50,0.2545454545454545,4,product,binary
100,45,50,0.14545454545454545,5,product,binary
100,45,50,0.12727272727272726,6,product,binary
100,45,50,0.16363636363636364,7,product,binary
100,45,50,0.16363636363636364,8,product,binary
100,45,50,0.10909090909090909,9,product,binary
100,45,50,0.2,10,product,binary
100,50,50,0.18,1,product,binary
100,50,50,0.2,2,product,binary
100,50,50,0.16,3,product,binary
100,50,50,0.14,4,product,binary
100,50,50,0.38,5,product,binary
100,50,50,0.16,6,product,binary
100,50,50,0.18,7,product,binary
100,50,50,0.14,8,product,binary
100,50,50,0.12,9,product,binary
100,50,50,0.32,10,product,binary
100,55,50,0.13333333333333333,1,product,binary
100,55,50,0.1111111111111111,2,product,binary
100,55,50,0.28888888888888886,3,product,binary
100,55,50,0.17777777777777778,4,product,binary
100,55,50,0.28888888888888886,5,product,binary
100,55,50,0.08888888888888889,6,product,binary
100,55,50,0.06666666666666667,7,product,binary
100,55,50,0.28888888888888886,8,product,binary
100,55,50,0.044444444444444446,9,product,binary
100,55,50,0.13333333333333333,10,product,binary
100,60,50,0.25,1,product,binary
100,60,50,0.2,2,product,binary
100,60,50,0.25,3,product,binary
100,60,50,0.2,4,product,binary
100,60,50,0.15,5,product,binary
100,60,50,0.125,6,product,binary
100,60,50,0.125,7,product,binary
100,60,50,0.2,8,product,binary
100,60,50,0.275,9,product,binary
100,60,50,0.175,10,product,binary
100,65,50,0.11428571428571428,1,product,binary
100,65,50,0.2857142857142857,2,product,binary
100,65,50,0.37142857142857144,3,product,binary
100,65,50,0.2571428571428571,4,product,binary
100,65,50,0.08571428571428572,5,product,binary
100,65,50,0.2857142857142857,6,product,binary
100,65,50,0.14285714285714285,7,product,binary
100,65,50,0.11428571428571428,8,product,binary
100,65,50,0.05714285714285714,9,product,binary
100,65,50,0.17142857142857143,10,product,binary
100,70,50,0.23333333333333334,1,product,binary
100,70,50,0.1,2,product,binary
100,70,50,0.2,3,product,binary
100,70,50,0.1,4,product,binary
100,70,50,0.2,5,product,binary
100,70,50,0.23333333333333334,6,product,binary
100,70,50,0.13333333333333333,7,product,binary
100,70,50,0.1,8,product,binary
100,70,50,0.13333333333333333,9,product,binary
100,70,50,0.2,10,product,binary
100,75,50,0.2,1,product,binary
100,75,50,0.32,2,product,binary
100,75,50,0.24,3,product,binary
100,75,50,0.2,4,product,binary
100,75,50,0.04,5,product,binary
100,75,50,0.24,6,product,binary
100,75,50,0.08,7,product,binary
100,75,50,0.2,8,product,binary
100,75,50,0.16,9,product,binary
100,75,50,0.44,10,product,binary
100,80,50,0.1,1,product,binary
100,80,50,0.1,2,product,binary
100,80,50,0.4,3,product,binary
100,80,50,0.15,4,product,binary
100,80,50,0.45,5,product,binary
100,80,50,0.4,6,product,binary
100,80,50,0.05,7,product,binary
100,80,50,0.15,8,product,binary
100,80,50,0.15,9,product,binary
100,80,50,0.15,10,product,binary
100,85,50,0.2,1,product,binary
100,85,50,0,2,product,binary
100,85,50,0.26666666666666666,3,product,binary
100,85,50,0.4666666666666667,4,product,binary
100,85,50,0.06666666666666667,5,product,binary
100,85,50,0.2,6,product,binary
100,85,50,0.13333333333333333,7,product,binary
100,85,50,0.06666666666666667,8,product,binary
100,85,50,0.4,9,product,binary
100,85,50,0.2,10,product,binary
100,90,50,0.4,1,product,binary
100,90,50,0.1,2,product,binary
100,90,50,0.2,3,product,binary
100,90,50,0.4,4,product,binary
100,90,50,0.2,5,product,binary
100,90,50,0.5,6,product,binary
100,90,50,0.1,7,product,binary
100,90,50,0.1,8,product,binary
100,90,50,0.3,9,product,binary
100,90,50,0.1,10,product,binary
100,95,50,0.2,1,product,binary
100,95,50,0.2,2,product,binary
100,95,50,0,3,product,binary
100,95,50,0,4,product,binary
100,95,50,0,5,product,binary
100,95,50,0.2,6,product,binary
100,95,50,0.2,7,product,binary
100,95,50,0.2,8,product,binary
100,95,50,0.2,9,product,binary
100,95,50,0.4,10,product,binary
250,5,50,0.37130801687763715,1,sum-linear,binary
250,5,50,0.5316455696202531,2,sum-linear,binary
250,5,50,0.37130801687763715,3,sum-linear,binary
250,5,50,0.4050632911392405,4,sum-linear,binary
250,5,50,0.379746835443038,5,sum-linear,binary
250,5,50,0.4219409282700422,6,sum-linear,binary
250,5,50,0.39662447257383965,7,sum-linear,binary
250,5,50,0.45147679324894513,8,sum-linear,binary
250,5,50,0.4388185654008439,9,sum-linear,binary
250,5,50,0.3755274261603376,10,sum-linear,binary
250,10,50,0.4533333333333333,1,sum-linear,binary
250,10,50,0.3377777777777778,2,sum-linear,binary
250,10,50,0.43555555555555553,3,sum-linear,binary
250,10,50,0.5111111111111111,4,sum-linear,binary
250,10,50,0.4444444444444444,5,sum-linear,binary
250,10,50,0.5955555555555555,6,sum-linear,binary
250,10,50,0.39555555555555555,7,sum-linear,binary
250,10,50,0.40444444444444444,8,sum-linear,binary
250,10,50,0.48,9,sum-linear,binary
250,10,50,0.38222222222222224,10,sum-linear,binary
250,15,50,0.46226415094339623,1,sum-linear,binary
250,15,50,0.38207547169811323,2,sum-linear,binary
250,15,50,0.3584905660377358,3,sum-linear,binary
250,15,50,0.5471698113207547,4,sum-linear,binary
250,15,50,0.37264150943396224,5,sum-linear,binary
250,15,50,0.39622641509433965,6,sum-linear,binary
250,15,50,0.4811320754716981,7,sum-linear,binary
250,15,50,0.419811320754717,8,sum-linear,binary
250,15,50,0.37264150943396224,9,sum-linear,binary
250,15,50,0.49528301886792453,10,sum-linear,binary
250,20,50,0.44,1,sum-linear,binary
250,20,50,0.39,2,sum-linear,binary
250,20,50,0.47,3,sum-linear,binary
250,20,50,0.455,4,sum-linear,binary
250,20,50,0.415,5,sum-linear,binary
250,20,50,0.47,6,sum-linear,binary
250,20,50,0.375,7,sum-linear,binary
250,20,50,0.495,8,sum-linear,binary
250,20,50,0.445,9,sum-linear,binary
250,20,50,0.44,10,sum-linear,binary
250,25,50,0.43315508021390375,1,sum-linear,binary
250,25,50,0.47058823529411764,2,sum-linear,binary
250,25,50,0.42780748663101603,3,sum-linear,binary
250,25,50,0.5294117647058824,4,sum-linear,binary
250,25,50,0.42780748663101603,5,sum-linear,binary
250,25,50,0.4919786096256685,6,sum-linear,binary
250,25,50,0.45989304812834225,7,sum-linear,binary
250,25,50,0.3582887700534759,8,sum-linear,binary
250,25,50,0.3689839572192513,9,sum-linear,binary
250,25,50,0.5026737967914439,10,sum-linear,binary
250,30,50,0.4514285714285714,1,sum-linear,binary
250,30,50,0.48,2,sum-linear,binary
250,30,50,0.5028571428571429,3,sum-linear,binary
250,30,50,0.46285714285714286,4,sum-linear,binary
250,30,50,0.44571428571428573,5,sum-linear,binary
250,30,50,0.5085714285714286,6,sum-linear,binary
250,30,50,0.5485714285714286,7,sum-linear,binary
250,30,50,0.4685714285714286,8,sum-linear,binary
250,30,50,0.42857142857142855,9,sum-linear,binary
250,30,50,0.52,10,sum-linear,binary
250,35,50,0.4876543209876543,1,sum-linear,binary
250,35,50,0.5246913580246914,2,sum-linear,binary
250,35,50,0.5740740740740741,3,sum-linear,binary
250,35,50,0.5123456790123457,4,sum-linear,binary
250,35,50,0.47530864197530864,5,sum-linear,binary
250,35,50,0.5864197530864198,6,sum-linear,binary
250,35,50,0.5370370370370371,7,sum-linear,binary
250,35,50,0.5740740740740741,8,sum-linear,binary
250,35,50,0.43209876543209874,9,sum-linear,binary
250,35,50,0.5493827160493827,10,sum-linear,binary
250,40,50,0.5866666666666667,1,sum-linear,binary
250,40,50,0.5,2,sum-linear,binary
250,40,50,0.5666666666666667,3,sum-linear,binary
250,40,50,0.52,4,sum-linear,binary
250,40,50,0.6066666666666667,5,sum-linear,binary
250,40,50,0.64,6,sum-linear,binary
250,40,50,0.52,7,sum-linear,binary
250,40,50,0.62,8,sum-linear,binary
250,40,50,0.5266666666666666,9,sum-linear,binary
250,40,50,0.6333333333333333,10,sum-linear,binary
250,45,50,0.5912408759124088,1,sum-linear,binary
250,45,50,0.6204379562043796,2,sum-linear,binary
250,45,50,0.656934306569343,3,sum-linear,binary
250,45,50,0.4744525547445255,4,sum-linear,binary
250,45,50,0.5693430656934306,5,sum-linear,binary
250,45,50,0.5109489051094891,6,sum-linear,binary
250,45,50,0.5474452554744526,7,sum-linear,binary
250,45,50,0.5328467153284672,8,sum-linear,binary
250,45,50,0.5474452554744526,9,sum-linear,binary
250,45,50,0.4744525547445255,10,sum-linear,binary
250,50,50,0.464,1,sum-linear,binary
250,50,50,0.56,2,sum-linear,binary
250,50,50,0.528,3,sum-linear,binary
250,50,50,0.608,4,sum-linear,binary
250,50,50,0.664,5,sum-linear,binary
250,50,50,0.52,6,sum-linear,binary
250,50,50,0.528,7,sum-linear,binary
250,50,50,0.488,8,sum-linear,binary
250,50,50,0.616,9,sum-linear,binary
250,50,50,0.464,10,sum-linear,binary
250,55,50,0.5625,1,sum-linear,binary
250,55,50,0.5892857142857143,2,sum-linear,binary
250,55,50,0.48214285714285715,3,sum-linear,binary
250,55,50,0.6339285714285714,4,sum-linear,binary
250,55,50,0.4642857142857143,5,sum-linear,binary
250,55,50,0.6964285714285714,6,sum-linear,binary
250,55,50,0.6071428571428571,7,sum-linear,binary
250,55,50,0.5535714285714286,8,sum-linear,binary
250,55,50,0.5625,9,sum-linear,binary
250,55,50,0.4642857142857143,10,sum-linear,binary
250,60,50,0.54,1,sum-linear,binary
250,60,50,0.7,2,sum-linear,binary
250,60,50,0.67,3,sum-linear,binary
250,60,50,0.58,4,sum-linear,binary
250,60,50,0.53,5,sum-linear,binary
250,60,50,0.6,6,sum-linear,binary
250,60,50,0.55,7,sum-linear,binary
250,60,50,0.51,8,sum-linear,binary
250,60,50,0.49,9,sum-linear,binary
250,60,50,0.61,10,sum-linear,binary
250,65,50,0.632183908045977,1,sum-linear,binary
250,65,50,0.6436781609195402,2,sum-linear,binary
250,65,50,0.6436781609195402,3,sum-linear,binary
250,65,50,0.5517241379310345,4,sum-linear,binary
250,65,50,0.6666666666666666,5,sum-linear,binary
250,65,50,0.5977011494252874,6,sum-linear,binary
250,65,50,0.5862068965517241,7,sum-linear,binary
250,65,50,0.735632183908046,8,sum-linear,binary
250,65,50,0.5632183908045977,9,sum-linear,binary
250,65,50,0.6896551724137931,10,sum-linear,binary
250,70,50,0.5866666666666667,1,sum-linear,binary
250,70,50,0.5466666666666666,2,sum-linear,binary
250,70,50,0.68,3,sum-linear,binary
250,70,50,0.72,4,sum-linear,binary
250,70,50,0.5466666666666666,5,sum-linear,binary
250,70,50,0.56,6,sum-linear,binary
250,70,50,0.49333333333333335,7,sum-linear,binary
250,70,50,0.7066666666666667,8,sum-linear,binary
250,70,50,0.52,9,sum-linear,binary
250,70,50,0.6933333333333334,10,sum-linear,binary
250,75,50,0.6290322580645161,1,sum-linear,binary
250,75,50,0.5806451612903226,2,sum-linear,binary
250,75,50,0.6290322580645161,3,sum-linear,binary
250,75,50,0.6129032258064516,4,sum-linear,binary
250,75,50,0.6451612903225806,5,sum-linear,binary
250,75,50,0.6612903225806451,6,sum-linear,binary
250,75,50,0.5,7,sum-linear,binary
250,75,50,0.6774193548387096,8,sum-linear,binary
250,75,50,0.8064516129032258,9,sum-linear,binary
250,75,50,0.532258064516129,10,sum-linear,binary
250,80,50,0.6,1,sum-linear,binary
250,80,50,0.68,2,sum-linear,binary
250,80,50,0.62,3,sum-linear,binary
250,80,50,0.5,4,sum-linear,binary
250,80,50,0.62,5,sum-linear,binary
250,80,50,0.58,6,sum-linear,binary
250,80,50,0.76,7,sum-linear,binary
250,80,50,0.58,8,sum-linear,binary
250,80,50,0.48,9,sum-linear,binary
250,80,50,0.64,10,sum-linear,binary
250,85,50,0.7567567567567568,1,sum-linear,binary
250,85,50,0.5675675675675675,2,sum-linear,binary
250,85,50,0.8378378378378378,3,sum-linear,binary
250,85,50,0.6486486486486487,4,sum-linear,binary
250,85,50,0.8378378378378378,5,sum-linear,binary
250,85,50,0.4594594594594595,6,sum-linear,binary
250,85,50,0.6756756756756757,7,sum-linear,binary
250,85,50,0.6486486486486487,8,sum-linear,binary
250,85,50,0.6756756756756757,9,sum-linear,binary
250,85,50,0.6216216216216216,10,sum-linear,binary
250,90,50,0.68,1,sum-linear,binary
250,90,50,0.72,2,sum-linear,binary
250,90,50,0.48,3,sum-linear,binary
250,90,50,0.6,4,sum-linear,binary
250,90,50,0.72,5,sum-linear,binary
250,90,50,0.68,6,sum-linear,binary
250,90,50,0.6,7,sum-linear,binary
250,90,50,0.6,8,sum-linear,binary
250,90,50,0.72,9,sum-linear,binary
250,90,50,0.68,10,sum-linear,binary
250,95,50,0.5833333333333334,1,sum-linear,binary
250,95,50,0.6666666666666666,2,sum-linear,binary
250,95,50,0.75,3,sum-linear,binary
250,95,50,0.5833333333333334,4,sum-linear,binary
250,95,50,0.5833333333333334,5,sum-linear,binary
250,95,50,0.5833333333333334,6,sum-linear,binary
250,95,50,0.4166666666666667,7,sum-linear,binary
250,95,50,0.8333333333333334,8,sum-linear,binary
250,95,50,0.6666666666666666,9,sum-linear,binary
250,95,50,0.6666666666666666,10,sum-linear,binary
250,5,50,0.012658227848101266,1,product,binary
250,5,50,0.029535864978902954,2,product,binary
250,5,50,0.0379746835443038,3,product,binary
250,5,50,0.029535864978902954,4,product,binary
250,5,50,0.02531645569620253,5,product,binary
250,5,50,0.02531645569620253,6,product,binary
250,5,50,0.02109704641350211,7,product,binary
250,5,50,0.004219409282700422,8,product,binary
250,5,50,0.02109704641350211,9,product,binary
250,5,50,0.029535864978902954,10,product,binary
250,10,50,0.02666666666666667,1,product,binary
250,10,50,0.022222222222222223,2,product,binary
250,10,50,0.022222222222222223,3,product,binary
250,10,50,0.04,4,product,binary
250,10,50,0.013333333333333334,5,product,binary
250,10,50,0.022222222222222223,6,product,binary
250,10,50,0.057777777777777775,7,product,binary
250,10,50,0.05333333333333334,8,product,binary
250,10,50,0.02666666666666667,9,product,binary
250,10,50,0.044444444444444446,10,product,binary
250,15,50,0.02830188679245283,1,product,binary
250,15,50,0.0660377358490566,2,product,binary
250,15,50,0.05188679245283019,3,product,binary
250,15,50,0.07075471698113207,4,product,binary
250,15,50,0.04716981132075472,5,product,binary
250,15,50,0.0660377358490566,6,product,binary
250,15,50,0.05660377358490566,7,product,binary
250,15,50,0.05188679245283019,8,product,binary
250,15,50,0.05660377358490566,9,product,binary
250,15,50,0.07075471698113207,10,product,binary
250,20,50,0.105,1,product,binary
250,20,50,0.095,2,product,binary
250,20,50,0.065,3,product,binary
250,20,50,0.06,4,product,binary
250,20,50,0.045,5,product,binary
250,20,50,0.085,6,product,binary
250,20,50,0.08,7,product,binary
250,20,50,0.05,8,product,binary
250,20,50,0.085,9,product,binary
250,20,50,0.095,10,product,binary
250,25,50,0.0855614973262032,1,product,binary
250,25,50,0.13903743315508021,2,product,binary
250,25,50,0.11764705882352941,3,product,binary
250,25,50,0.06417112299465241,4,product,binary
250,25,50,0.08021390374331551,5,product,binary
250,25,50,0.08021390374331551,6,product,binary
250,25,50,0.10160427807486631,7,product,binary
250,25,50,0.09090909090909091,8,product,binary
250,25,50,0.12299465240641712,9,product,binary
250,25,50,0.11764705882352941,10,product,binary
250,30,50,0.05714285714285714,1,product,binary
250,30,50,0.12571428571428572,2,product,binary
250,30,50,0.10857142857142857,3,product,binary
250,30,50,0.05142857142857143,4,product,binary
250,30,50,0.13142857142857142,5,product,binary
250,30,50,0.12,6,product,binary
250,30,50,0.17142857142857143,7,product,binary
250,30,50,0.11428571428571428,8,product,binary
250,30,50,0.17714285714285713,9,product,binary
250,30,50,0.09714285714285714,10,product,binary
250,35,50,0.1419753086419753,1,product,binary
250,35,50,0.12962962962962962,2,product,binary
250,35,50,0.1419753086419753,3,product,binary
250,35,50,0.10493827160493827,4,product,binary
250,35,50,0.09876543209876543,5,product,binary
250,35,50,0.16049382716049382,6,product,binary
250,35,50,0.12962962962962962,7,product,binary
250,35,50,0.19135802469135801,8,product,binary
250,35,50,0.1111111111111111,9,product,binary
250,35,50,0.12345679012345678,10,product,binary
250,40,50,0.14666666666666667,1,product,binary
250,40,50,0.16,2,product,binary
250,40,50,0.10666666666666667,3,product,binary
250,40,50,0.1,4,product,binary
250,40,50,0.12,5,product,binary
250,40,50,0.12,6,product,binary
250,40,50,0.18666666666666668,7,product,binary
250,40,50,0.18,8,product,binary
250,40,50,0.15333333333333332,9,product,binary
250,40,50,0.08,10,product,binary
250,45,50,0.1897810218978102,1,product,binary
250,45,50,0.12408759124087591,2,product,binary
250,45,50,0.13138686131386862,3,product,binary
250,45,50,0.12408759124087591,4,product,binary
250,45,50,0.25547445255474455,5,product,binary
250,45,50,0.17518248175182483,6,product,binary
250,45,50,0.08029197080291971,7,product,binary
250,45,50,0.13138686131386862,8,product,binary
250,45,50,0.19708029197080293,9,product,binary
250,45,50,0.24087591240875914,10,product,binary
250,50,50,0.144,1,product,binary
250,50,50,0.224,2,product,binary
250,50,50,0.264,3,product,binary
250,50,50,0.2,4,product,binary
250,50,50,0.2,5,product,binary
250,50,50,0.144,6,product,binary
250,50,50,0.144,7,product,binary
250,50,50,0.136,8,product,binary
250,50,50,0.184,9,product,binary
250,50,50,0.168,10,product,binary
250,55,50,0.24107142857142858,1,product,binary
250,55,50,0.16071428571428573,2,product,binary
250,55,50,0.24107142857142858,3,product,binary
250,55,50,0.13392857142857142,4,product,binary
250,55,50,0.19642857142857142,5,product,binary
250,55,50,0.21428571428571427,6,product,binary
250,55,50,0.17857142857142858,7,product,binary
250,55,50,0.10714285714285714,8,product,binary
250,55,50,0.16964285714285715,9,product,binary
250,55,50,0.10714285714285714,10,product,binary
250,60,50,0.17,1,product,binary
250,60,50,0.33,2,product,binary
250,60,50,0.21,3,product,binary
250,60,50,0.2,4,product,binary
250,60,50,0.16,5,product,binary
250,60,50,0.17,6,product,binary
250,60,50,0.16,7,product,binary
250,60,50,0.23,8,product,binary
250,60,50,0.12,9,product,binary
250,60,50,0.26,10,product,binary
250,65,50,0.11494252873563218,1,product,binary
250,65,50,0.1724137931034483,2,product,binary
250,65,50,0.22988505747126436,3,product,binary
250,65,50,0.1724137931034483,4,product,binary
250,65,50,0.19540229885057472,5,product,binary
250,65,50,0.12643678160919541,6,product,binary
250,65,50,0.22988505747126436,7,product,binary
250,65,50,0.16091954022988506,8,product,binary
250,65,50,0.14942528735632185,9,product,binary
250,65,50,0.1724137931034483,10,product,binary
250,70,50,0.14666666666666667,1,product,binary
250,70,50,0.3333333333333333,2,product,binary
250,70,50,0.21333333333333335,3,product,binary
250,70,50,0.22666666666666666,4,product,binary
250,70,50,0.10666666666666667,5,product,binary
250,70,50,0.4,6,product,binary
250,70,50,0.13333333333333333,7,product,binary
250,70,50,0.21333333333333335,8,product,binary
250,70,50,0.25333333333333335,9,product,binary
250,70,50,0.26666666666666666,10,product,binary
250,75,50,0.11290322580645161,1,product,binary
250,75,50,0.0967741935483871,2,product,binary
250,75,50,0.20967741935483872,3,product,binary
250,75,50,0.16129032258064516,4,product,binary
250,75,50,0.27419354838709675,5,product,binary
250,75,50,0.1935483870967742,6,product,binary
250,75,50,0.1935483870967742,7,product,binary
250,75,50,0.12903225806451613,8,product,binary
250,75,50,0.25806451612903225,9,product,binary
250,75,50,0.2903225806451613,10,product,binary
250,80,50,0.3,1,product,binary
250,80,50,0.34,2,product,binary
250,80,50,0.26,3,product,binary
250,80,50,0.14,4,product,binary
250,80,50,0.28,5,product,binary
250,80,50,0.2,6,product,binary
250,80,50,0.28,7,product,binary
250,80,50,0.26,8,product,binary
250,80,50,0.28,9,product,binary
250,80,50,0.2,10,product,binary
250,85,50,0.40540540540540543,1,product,binary
250,85,50,0.10810810810810811,2,product,binary
250,85,50,0.1891891891891892,3,product,binary
250,85,50,0.16216216216216217,4,product,binary
250,85,50,0.2702702702702703,5,product,binary
250,85,50,0.2972972972972973,6,product,binary
250,85,50,0.21621621621621623,7,product,binary
250,85,50,0.10810810810810811,8,product,binary
250,85,50,0.1891891891891892,9,product,binary
250,85,50,0.3783783783783784,10,product,binary
250,90,50,0.32,1,product,binary
250,90,50,0.16,2,product,binary
250,90,50,0.2,3,product,binary
250,90,50,0.16,4,product,binary
250,90,50,0.32,5,product,binary
250,90,50,0.12,6,product,binary
250,90,50,0.16,7,product,binary
250,90,50,0.12,8,product,binary
250,90,50,0.32,9,product,binary
250,90,50,0.24,10,product,binary
250,95,50,0,1,product,binary
250,95,50,0.16666666666666666,2,product,binary
250,95,50,0.08333333333333333,3,product,binary
250,95,50,0,4,product,binary
250,95,50,0,5,product,binary
250,95,50,0.08333333333333333,6,product,binary
250,95,50,0.4166666666666667,7,product,binary
250,95,50,0.3333333333333333,8,product,binary
250,95,50,0.25,9,product,binary
250,95,50,0.3333333333333333,10,product,binary
500,5,50,0.3473684210526316,1,sum-linear,binary
500,5,50,0.3873684210526316,2,sum-linear,binary
500,5,50,0.3936842105263158,3,sum-linear,binary
500,5,50,0.40210526315789474,4,sum-linear,binary
500,5,50,0.4421052631578947,5,sum-linear,binary
500,5,50,0.42526315789473684,6,sum-linear,binary
500,5,50,0.45052631578947366,7,sum-linear,binary
500,5,50,0.37684210526315787,8,sum-linear,binary
500,5,50,0.3894736842105263,9,sum-linear,binary
500,5,50,0.3642105263157895,10,sum-linear,binary
500,10,50,0.37777777777777777,1,sum-linear,binary
500,10,50,0.4266666666666667,2,sum-linear,binary
500,10,50,0.43555555555555553,3,sum-linear,binary
500,10,50,0.41555555555555557,4,sum-linear,binary
500,10,50,0.3933333333333333,5,sum-linear,binary
500,10,50,0.43333333333333335,6,sum-linear,binary
500,10,50,0.5044444444444445,7,sum-linear,binary
500,10,50,0.5222222222222223,8,sum-linear,binary
500,10,50,0.4,9,sum-linear,binary
500,10,50,0.4688888888888889,10,sum-linear,binary
500,15,50,0.43058823529411766,1,sum-linear,binary
500,15,50,0.38823529411764707,2,sum-linear,binary
500,15,50,0.5223529411764706,3,sum-linear,binary
500,15,50,0.548235294117647,4,sum-linear,binary
500,15,50,0.4376470588235294,5,sum-linear,binary
500,15,50,0.4447058823529412,6,sum-linear,binary
500,15,50,0.5341176470588235,7,sum-linear,binary
500,15,50,0.46352941176470586,8,sum-linear,binary
500,15,50,0.4611764705882353,9,sum-linear,binary
500,15,50,0.4,10,sum-linear,binary
500,20,50,0.4325,1,sum-linear,binary
500,20,50,0.4325,2,sum-linear,binary
500,20,50,0.3625,3,sum-linear,binary
500,20,50,0.4675,4,sum-linear,binary
500,20,50,0.4975,5,sum-linear,binary
500,20,50,0.47,6,sum-linear,binary
500,20,50,0.505,7,sum-linear,binary
500,20,50,0.4125,8,sum-linear,binary
500,20,50,0.42,9,sum-linear,binary
500,20,50,0.42,10,sum-linear,binary
500,25,50,0.44533333333333336,1,sum-linear,binary
500,25,50,0.4613333333333333,2,sum-linear,binary
500,25,50,0.43733333333333335,3,sum-linear,binary
500,25,50,0.5306666666666666,4,sum-linear,binary
500,25,50,0.44,5,sum-linear,binary
500,25,50,0.4026666666666667,6,sum-linear,binary
500,25,50,0.464,7,sum-linear,binary
500,25,50,0.448,8,sum-linear,binary
500,25,50,0.472,9,sum-linear,binary
500,25,50,0.4746666666666667,10,sum-linear,binary
500,30,50,0.48,1,sum-linear,binary
500,30,50,0.5285714285714286,2,sum-linear,binary
500,30,50,0.46,3,sum-linear,binary
500,30,50,0.5857142857142857,4,sum-linear,binary
500,30,50,0.43142857142857144,5,sum-linear,binary
500,30,50,0.5742857142857143,6,sum-linear,binary
500,30,50,0.4685714285714286,7,sum-linear,binary
500,30,50,0.43142857142857144,8,sum-linear,binary
500,30,50,0.48,9,sum-linear,binary
500,30,50,0.5542857142857143,10,sum-linear,binary
500,35,50,0.40923076923076923,1,sum-linear,binary
500,35,50,0.4430769230769231,2,sum-linear,binary
500,35,50,0.5692307692307692,3,sum-linear,binary
500,35,50,0.5015384615384615,4,sum-linear,binary
500,35,50,0.4246153846153846,5,sum-linear,binary
500,35,50,0.49538461538461537,6,sum-linear,binary
500,35,50,0.4584615384615385,7,sum-linear,binary
500,35,50,0.4553846153846154,8,sum-linear,binary
500,35,50,0.48307692307692307,9,sum-linear,binary
500,35,50,0.42153846153846153,10,sum-linear,binary
500,40,50,0.44,1,sum-linear,binary
500,40,50,0.59,2,sum-linear,binary
500,40,50,0.4633333333333333,3,sum-linear,binary
500,40,50,0.6133333333333333,4,sum-linear,binary
500,40,50,0.5666666666666667,5,sum-linear,binary
500,40,50,0.43333333333333335,6,sum-linear,binary
500,40,50,0.43333333333333335,7,sum-linear,binary
500,40,50,0.46,8,sum-linear,binary
500,40,50,0.45666666666666667,9,sum-linear,binary
500,40,50,0.6,10,sum-linear,binary
500,45,50,0.43272727272727274,1,sum-linear,binary
500,45,50,0.5272727272727272,2,sum-linear,binary
500,45,50,0.5927272727272728,3,sum-linear,binary
500,45,50,0.48727272727272725,4,sum-linear,binary
500,45,50,0.5709090909090909,5,sum-linear,binary
500,45,50,0.5381818181818182,6,sum-linear,binary
500,45,50,0.5709090909090909,7,sum-linear,binary
500,45,50,0.6545454545454545,8,sum-linear,binary
500,45,50,0.49818181818181817,9,sum-linear,binary
500,45,50,0.49818181818181817,10,sum-linear,binary
500,50,50,0.516,1,sum-linear,binary
500,50,50,0.508,2,sum-linear,binary
500,50,50,0.484,3,sum-linear,binary
500,50,50,0.492,4,sum-linear,binary
500,50,50,0.472,5,sum-linear,binary
500,50,50,0.568,6,sum-linear,binary
500,50,50,0.5,7,sum-linear,binary
500,50,50,0.504,8,sum-linear,binary
500,50,50,0.568,9,sum-linear,binary
500,50,50,0.584,10,sum-linear,binary
500,55,50,0.5377777777777778,1,sum-linear,binary
500,55,50,0.5911111111111111,2,sum-linear,binary
500,55,50,0.5511111111111111,3,sum-linear,binary
500,55,50,0.49333333333333335,4,sum-linear,binary
500,55,50,0.5333333333333333,5,sum-linear,binary
500,55,50,0.5288888888888889,6,sum-linear,binary
500,55,50,0.6177777777777778,7,sum-linear,binary
500,55,50,0.48,8,sum-linear,binary
500,55,50,0.6311111111111111,9,sum-linear,binary
500,55,50,0.5555555555555556,10,sum-linear,binary
500,60,50,0.515,1,sum-linear,binary
500,60,50,0.485,2,sum-linear,binary
500,60,50,0.545,3,sum-linear,binary
500,60,50,0.555,4,sum-linear,binary
500,60,50,0.63,5,sum-linear,binary
500,60,50,0.62,6,sum-linear,binary
500,60,50,0.545,7,sum-linear,binary
500,60,50,0.6,8,sum-linear,binary
500,60,50,0.46,9,sum-linear,binary
500,60,50,0.535,10,sum-linear,binary
500,65,50,0.5428571428571428,1,sum-linear,binary
500,65,50,0.5485714285714286,2,sum-linear,binary
500,65,50,0.6228571428571429,3,sum-linear,binary
500,65,50,0.5257142857142857,4,sum-linear,binary
500,65,50,0.5028571428571429,5,sum-linear,binary
500,65,50,0.5542857142857143,6,sum-linear,binary
500,65,50,0.6628571428571428,7,sum-linear,binary
500,65,50,0.5942857142857143,8,sum-linear,binary
500,65,50,0.5485714285714286,9,sum-linear,binary
500,65,50,0.68,10,sum-linear,binary
500,70,50,0.5666666666666667,1,sum-linear,binary
500,70,50,0.6333333333333333,2,sum-linear,binary
500,70,50,0.6,3,sum-linear,binary
500,70,50,0.5333333333333333,4,sum-linear,binary
500,70,50,0.62,5,sum-linear,binary
500,70,50,0.58,6,sum-linear,binary
500,70,50,0.74,7,sum-linear,binary
500,70,50,0.6133333333333333,8,sum-linear,binary
500,70,50,0.58,9,sum-linear,binary
500,70,50,0.5533333333333333,10,sum-linear,binary
500,75,50,0.64,1,sum-linear,binary
500,75,50,0.528,2,sum-linear,binary
500,75,50,0.656,3,sum-linear,binary
500,75,50,0.664,4,sum-linear,binary
500,75,50,0.664,5,sum-linear,binary
500,75,50,0.608,6,sum-linear,binary
500,75,50,0.472,7,sum-linear,binary
500,75,50,0.656,8,sum-linear,binary
500,75,50,0.512,9,sum-linear,binary
500,75,50,0.624,10,sum-linear,binary
500,80,50,0.63,1,sum-linear,binary
500,80,50,0.67,2,sum-linear,binary
500,80,50,0.63,3,sum-linear,binary
500,80,50,0.66,4,sum-linear,binary
500,80,50,0.63,5,sum-linear,binary
500,80,50,0.7,6,sum-linear,binary
500,80,50,0.63,7,sum-linear,binary
500,80,50,0.67,8,sum-linear,binary
500,80,50,0.54,9,sum-linear,binary
500,80,50,0.71,10,sum-linear,binary
500,85,50,0.6533333333333333,1,sum-linear,binary
500,85,50,0.64,2,sum-linear,binary
500,85,50,0.5866666666666667,3,sum-linear,binary
500,85,50,0.72,4,sum-linear,binary
500,85,50,0.5466666666666666,5,sum-linear,binary
500,85,50,0.5733333333333334,6,sum-linear,binary
500,85,50,0.6666666666666666,7,sum-linear,binary
500,85,50,0.6,8,sum-linear,binary
500,85,50,0.5466666666666666,9,sum-linear,binary
500,85,50,0.6133333333333333,10,sum-linear,binary
500,90,50,0.5,1,sum-linear,binary
500,90,50,0.5,2,sum-linear,binary
500,90,50,0.6,3,sum-linear,binary
500,90,50,0.64,4,sum-linear,binary
500,90,50,0.54,5,sum-linear,binary
500,90,50,0.64,6,sum-linear,binary
500,90,50,0.62,7,sum-linear,binary
500,90,50,0.42,8,sum-linear,binary
500,90,50,0.56,9,sum-linear,binary
500,90,50,0.72,10,sum-linear,binary
500,95,50,0.56,1,sum-linear,binary
500,95,50,0.44,2,sum-linear,binary
500,95,50,0.76,3,sum-linear,binary
500,95,50,0.56,4,sum-linear,binary
500,95,50,0.68,5,sum-linear,binary
500,95,50,0.52,6,sum-linear,binary
500,95,50,0.68,7,sum-linear,binary
500,95,50,0.64,8,sum-linear,binary
500,95,50,0.56,9,sum-linear,binary
500,95,50,0.56,10,sum-linear,binary
500,5,50,0.023157894736842106,1,product,binary
500,5,50,0.02526315789473684,2,product,binary
500,5,50,0.014736842105263158,3,product,binary
500,5,50,0.014736842105263158,4,product,binary
500,5,50,0.02526315789473684,5,product,binary
500,5,50,0.021052631578947368,6,product,binary
500,5,50,0.02526315789473684,7,product,binary
500,5,50,0.029473684210526315,8,product,binary
500,5,50,0.014736842105263158,9,product,binary
500,5,50,0.010526315789473684,10,product,binary
500,10,50,0.04,1,product,binary
500,10,50,0.051111111111111114,2,product,binary
500,10,50,0.05333333333333334,3,product,binary
500,10,50,0.03111111111111111,4,product,binary
500,10,50,0.03111111111111111,5,product,binary
500,10,50,0.04,6,product,binary
500,10,50,0.051111111111111114,7,product,binary
500,10,50,0.06444444444444444,8,product,binary
500,10,50,0.035555555555555556,9,product,binary
500,10,50,0.051111111111111114,10,product,binary
500,15,50,0.05176470588235294,1,product,binary
500,15,50,0.07058823529411765,2,product,binary
500,15,50,0.08,3,product,binary
500,15,50,0.0611764705882353,4,product,binary
500,15,50,0.06823529411764706,5,product,binary
500,15,50,0.04470588235294118,6,product,binary
500,15,50,0.06352941176470588,7,product,binary
500,15,50,0.05176470588235294,8,product,binary
500,15,50,0.07529411764705882,9,product,binary
500,15,50,0.05176470588235294,10,product,binary
500,20,50,0.0925,1,product,binary
500,20,50,0.0925,2,product,binary
500,20,50,0.0525,3,product,binary
500,20,50,0.0725,4,product,binary
500,20,50,0.07,5,product,binary
500,20,50,0.0875,6,product,binary
500,20,50,0.0875,7,product,binary
500,20,50,0.06,8,product,binary
500,20,50,0.0675,9,product,binary
500,20,50,0.045,10,product,binary
500,25,50,0.072,1,product,binary
500,25,50,0.10933333333333334,2,product,binary
500,25,50,0.08533333333333333,3,product,binary
500,25,50,0.144,4,product,binary
500,25,50,0.088,5,product,binary
500,25,50,0.08266666666666667,6,product,binary
500,25,50,0.072,7,product,binary
500,25,50,0.10933333333333334,8,product,binary
500,25,50,0.07733333333333334,9,product,binary
500,25,50,0.128,10,product,binary
500,30,50,0.08,1,product,binary
500,30,50,0.08285714285714285,2,product,binary
500,30,50,0.08571428571428572,3,product,binary
500,30,50,0.07714285714285714,4,product,binary
500,30,50,0.08571428571428572,5,product,binary
500,30,50,0.09428571428571429,6,product,binary
500,30,50,0.06285714285714286,7,product,binary
500,30,50,0.13428571428571429,8,product,binary
500,30,50,0.12285714285714286,9,product,binary
500,30,50,0.08571428571428572,10,product,binary
500,35,50,0.12307692307692308,1,product,binary
500,35,50,0.15076923076923077,2,product,binary
500,35,50,0.11384615384615385,3,product,binary
500,35,50,0.19076923076923077,4,product,binary
500,35,50,0.1476923076923077,5,product,binary
500,35,50,0.11692307692307692,6,product,binary
500,35,50,0.11384615384615385,7,product,binary
500,35,50,0.1076923076923077,8,product,binary
500,35,50,0.08923076923076922,9,product,binary
500,35,50,0.1723076923076923,10,product,binary
500,40,50,0.17333333333333334,1,product,binary
500,40,50,0.12,2,product,binary
500,40,50,0.13666666666666666,3,product,binary
500,40,50,0.11666666666666667,4,product,binary
500,40,50,0.09666666666666666,5,product,binary
500,40,50,0.17666666666666667,6,product,binary
500,40,50,0.14333333333333334,7,product,binary
500,40,50,0.17666666666666667,8,product,binary
500,40,50,0.21333333333333335,9,product,binary
500,40,50,0.2,10,product,binary
500,45,50,0.1890909090909091,1,product,binary
500,45,50,0.14181818181818182,2,product,binary
500,45,50,0.1781818181818182,3,product,binary
500,45,50,0.1890909090909091,4,product,binary
500,45,50,0.14181818181818182,5,product,binary
500,45,50,0.2581818181818182,6,product,binary
500,45,50,0.17454545454545456,7,product,binary
500,45,50,0.14545454545454545,8,product,binary
500,45,50,0.12727272727272726,9,product,binary
500,45,50,0.20363636363636364,10,product,binary
500,50,50,0.12,1,product,binary
500,50,50,0.14,2,product,binary
500,50,50,0.192,3,product,binary
500,50,50,0.12,4,product,binary
500,50,50,0.148,5,product,binary
500,50,50,0.232,6,product,binary
500,50,50,0.096,7,product,binary
500,50,50,0.156,8,product,binary
500,50,50,0.148,9,product,binary
500,50,50,0.14,10,product,binary
500,55,50,0.21333333333333335,1,product,binary
500,55,50,0.18222222222222223,2,product,binary
500,55,50,0.1511111111111111,3,product,binary
500,55,50,0.2,4,product,binary
500,55,50,0.1288888888888889,5,product,binary
500,55,50,0.21777777777777776,6,product,binary
500,55,50,0.24888888888888888,7,product,binary
500,55,50,0.24,8,product,binary
500,55,50,0.23555555555555555,9,product,binary
500,55,50,0.26222222222222225,10,product,binary
500,60,50,0.145,1,product,binary
500,60,50,0.24,2,product,binary
500,60,50,0.195,3,product,binary
500,60,50,0.215,4,product,binary
500,60,50,0.25,5,product,binary
500,60,50,0.115,6,product,binary
500,60,50,0.13,7,product,binary
500,60,50,0.14,8,product,binary
500,60,50,0.155,9,product,binary
500,60,50,0.265,10,product,binary
500,65,50,0.2057142857142857,1,product,binary
500,65,50,0.13714285714285715,2,product,binary
500,65,50,0.17142857142857143,3,product,binary
500,65,50,0.16,4,product,binary
500,65,50,0.18285714285714286,5,product,binary
500,65,50,0.32571428571428573,6,product,binary
500,65,50,0.16,7,product,binary
500,65,50,0.16,8,product,binary
500,65,50,0.13714285714285715,9,product,binary
500,65,50,0.10857142857142857,10,product,binary
500,70,50,0.2,1,product,binary
500,70,50,0.3933333333333333,2,product,binary
500,70,50,0.14666666666666667,3,product,binary
500,70,50,0.24,4,product,binary
500,70,50,0.14,5,product,binary
500,70,50,0.24666666666666667,6,product,binary
500,70,50,0.11333333333333333,7,product,binary
500,70,50,0.21333333333333335,8,product,binary
500,70,50,0.14,9,product,binary
500,70,50,0.16666666666666666,10,product,binary
500,75,50,0.136,1,product,binary
500,75,50,0.12,2,product,binary
500,75,50,0.144,3,product,binary
500,75,50,0.264,4,product,binary
500,75,50,0.152,5,product,binary
500,75,50,0.272,6,product,binary
500,75,50,0.4,7,product,binary
500,75,50,0.224,8,product,binary
500,75,50,0.168,9,product,binary
500,75,50,0.088,10,product,binary
500,80,50,0.32,1,product,binary
500,80,50,0.33,2,product,binary
500,80,50,0.14,3,product,binary
500,80,50,0.29,4,product,binary
500,80,50,0.34,5,product,binary
500,80,50,0.16,6,product,binary
500,80,50,0.11,7,product,binary
500,80,50,0.2,8,product,binary
500,80,50,0.28,9,product,binary
500,80,50,0.14,10,product,binary
500,85,50,0.28,1,product,binary
500,85,50,0.17333333333333334,2,product,binary
500,85,50,0.10666666666666667,3,product,binary
500,85,50,0.14666666666666667,4,product,binary
500,85,50,0.41333333333333333,5,product,binary
500,85,50,0.2,6,product,binary
500,85,50,0.17333333333333334,7,product,binary
500,85,50,0.21333333333333335,8,product,binary
500,85,50,0.12,9,product,binary
500,85,50,0.18666666666666668,10,product,binary
500,90,50,0.06,1,product,binary
500,90,50,0.08,2,product,binary
500,90,50,0.08,3,product,binary
500,90,50,0.22,4,product,binary
500,90,50,0.1,5,product,binary
500,90,50,0.22,6,product,binary
500,90,50,0.2,7,product,binary
500,90,50,0.34,8,product,binary
500,90,50,0.24,9,product,binary
500,90,50,0.2,10,product,binary
500,95,50,0.16,1,product,binary
500,95,50,0.2,2,product,binary
500,95,50,0.12,3,product,binary
500,95,50,0.08,4,product,binary
500,95,50,0.28,5,product,binary
500,95,50,0.24,6,product,binary
500,95,50,0.36,7,product,binary
500,95,50,0.48,8,product,binary
500,95,50,0.12,9,product,binary
500,95,50,0.36,10,product,binary
1000,5,50,0.47789473684210526,1,sum-linear,binary
1000,5,50,0.4536842105263158,2,sum-linear,binary
1000,5,50,0.40421052631578946,3,sum-linear,binary
1000,5,50,0.3821052631578947,4,sum-linear,binary
1000,5,50,0.3957894736842105,5,sum-linear,binary
1000,5,50,0.46210526315789474,6,sum-linear,binary
1000,5,50,0.3684210526315789,7,sum-linear,binary
1000,5,50,0.4063157894736842,8,sum-linear,binary
1000,5,50,0.3968421052631579,9,sum-linear,binary
1000,5,50,0.48526315789473684,10,sum-linear,binary
1000,10,50,0.4033333333333333,1,sum-linear,binary
1000,10,50,0.4111111111111111,2,sum-linear,binary
1000,10,50,0.4722222222222222,3,sum-linear,binary
1000,10,50,0.37666666666666665,4,sum-linear,binary
1000,10,50,0.36666666666666664,5,sum-linear,binary
1000,10,50,0.5155555555555555,6,sum-linear,binary
1000,10,50,0.40444444444444444,7,sum-linear,binary
1000,10,50,0.3988888888888889,8,sum-linear,binary
1000,10,50,0.4388888888888889,9,sum-linear,binary
1000,10,50,0.4011111111111111,10,sum-linear,binary
1000,15,50,0.4929411764705882,1,sum-linear,binary
1000,15,50,0.5376470588235294,2,sum-linear,binary
1000,15,50,0.40705882352941175,3,sum-linear,binary
1000,15,50,0.42,4,sum-linear,binary
1000,15,50,0.4388235294117647,5,sum-linear,binary
1000,15,50,0.49058823529411766,6,sum-linear,binary
1000,15,50,0.43411764705882355,7,sum-linear,binary
1000,15,50,0.5176470588235295,8,sum-linear,binary
1000,15,50,0.4376470588235294,9,sum-linear,binary
1000,15,50,0.4047058823529412,10,sum-linear,binary
1000,20,50,0.39875,1,sum-linear,binary
1000,20,50,0.4375,2,sum-linear,binary
1000,20,50,0.49875,3,sum-linear,binary
1000,20,50,0.44625,4,sum-linear,binary
1000,20,50,0.43125,5,sum-linear,binary
1000,20,50,0.41625,6,sum-linear,binary
1000,20,50,0.415,7,sum-linear,binary
1000,20,50,0.41625,8,sum-linear,binary
1000,20,50,0.48625,9,sum-linear,binary
1000,20,50,0.48375,10,sum-linear,binary
1000,25,50,0.4493333333333333,1,sum-linear,binary
1000,25,50,0.4493333333333333,2,sum-linear,binary
1000,25,50,0.5173333333333333,3,sum-linear,binary
1000,25,50,0.544,4,sum-linear,binary
1000,25,50,0.528,5,sum-linear,binary
1000,25,50,0.4266666666666667,6,sum-linear,binary
1000,25,50,0.432,7,sum-linear,binary
1000,25,50,0.428,8,sum-linear,binary
1000,25,50,0.49733333333333335,9,sum-linear,binary
1000,25,50,0.47333333333333333,10,sum-linear,binary
1000,30,50,0.5214285714285715,1,sum-linear,binary
1000,30,50,0.43142857142857144,2,sum-linear,binary
1000,30,50,0.44285714285714284,3,sum-linear,binary
1000,30,50,0.5257142857142857,4,sum-linear,binary
1000,30,50,0.53,5,sum-linear,binary
1000,30,50,0.5671428571428572,6,sum-linear,binary
1000,30,50,0.4942857142857143,7,sum-linear,binary
1000,30,50,0.4828571428571429,8,sum-linear,binary
1000,30,50,0.51,9,sum-linear,binary
1000,30,50,0.44857142857142857,10,sum-linear,binary
1000,35,50,0.4646153846153846,1,sum-linear,binary
1000,35,50,0.45692307692307693,2,sum-linear,binary
1000,35,50,0.5092307692307693,3,sum-linear,binary
1000,35,50,0.5353846153846153,4,sum-linear,binary
1000,35,50,0.4846153846153846,5,sum-linear,binary
1000,35,50,0.5338461538461539,6,sum-linear,binary
1000,35,50,0.41384615384615386,7,sum-linear,binary
1000,35,50,0.5246153846153846,8,sum-linear,binary
1000,35,50,0.6061538461538462,9,sum-linear,binary
1000,35,50,0.5323076923076923,10,sum-linear,binary
1000,40,50,0.44,1,sum-linear,binary
1000,40,50,0.5633333333333334,2,sum-linear,binary
1000,40,50,0.6116666666666667,3,sum-linear,binary
1000,40,50,0.4483333333333333,4,sum-linear,binary
1000,40,50,0.4683333333333333,5,sum-linear,binary
1000,40,50,0.495,6,sum-linear,binary
1000,40,50,0.5333333333333333,7,sum-linear,binary
1000,40,50,0.5633333333333334,8,sum-linear,binary
1000,40,50,0.48333333333333334,9,sum-linear,binary
1000,40,50,0.4633333333333333,10,sum-linear,binary
1000,45,50,0.5545454545454546,1,sum-linear,binary
1000,45,50,0.5490909090909091,2,sum-linear,binary
1000,45,50,0.4909090909090909,3,sum-linear,binary
1000,45,50,0.4527272727272727,4,sum-linear,binary
1000,45,50,0.5963636363636363,5,sum-linear,binary
1000,45,50,0.47454545454545455,6,sum-linear,binary
1000,45,50,0.5327272727272727,7,sum-linear,binary
1000,45,50,0.5490909090909091,8,sum-linear,binary
1000,45,50,0.49818181818181817,9,sum-linear,binary
1000,45,50,0.4909090909090909,10,sum-linear,binary
1000,50,50,0.502,1,sum-linear,binary
1000,50,50,0.514,2,sum-linear,binary
1000,50,50,0.468,3,sum-linear,binary
1000,50,50,0.51,4,sum-linear,binary
1000,50,50,0.522,5,sum-linear,binary
1000,50,50,0.514,6,sum-linear,binary
1000,50,50,0.66,7,sum-linear,binary
1000,50,50,0.528,8,sum-linear,binary
1000,50,50,0.486,9,sum-linear,binary
1000,50,50,0.504,10,sum-linear,binary
1000,55,50,0.5911111111111111,1,sum-linear,binary
1000,55,50,0.5933333333333334,2,sum-linear,binary
1000,55,50,0.5022222222222222,3,sum-linear,binary
1000,55,50,0.5377777777777778,4,sum-linear,binary
1000,55,50,0.5088888888888888,5,sum-linear,binary
1000,55,50,0.5422222222222223,6,sum-linear,binary
1000,55,50,0.4533333333333333,7,sum-linear,binary
1000,55,50,0.64,8,sum-linear,binary
1000,55,50,0.5866666666666667,9,sum-linear,binary
1000,55,50,0.5777777777777777,10,sum-linear,binary
1000,60,50,0.615,1,sum-linear,binary
1000,60,50,0.5875,2,sum-linear,binary
1000,60,50,0.6025,3,sum-linear,binary
1000,60,50,0.515,4,sum-linear,binary
1000,60,50,0.5325,5,sum-linear,binary
1000,60,50,0.6825,6,sum-linear,binary
1000,60,50,0.5075,7,sum-linear,binary
1000,60,50,0.5375,8,sum-linear,binary
1000,60,50,0.625,9,sum-linear,binary
1000,60,50,0.545,10,sum-linear,binary
1000,65,50,0.5171428571428571,1,sum-linear,binary
1000,65,50,0.5942857142857143,2,sum-linear,binary
1000,65,50,0.5914285714285714,3,sum-linear,binary
1000,65,50,0.5514285714285714,4,sum-linear,binary
1000,65,50,0.5485714285714286,5,sum-linear,binary
1000,65,50,0.5542857142857143,6,sum-linear,binary
1000,65,50,0.5,7,sum-linear,binary
1000,65,50,0.6857142857142857,8,sum-linear,binary
1000,65,50,0.6257142857142857,9,sum-linear,binary
1000,65,50,0.6,10,sum-linear,binary
1000,70,50,0.5133333333333333,1,sum-linear,binary
1000,70,50,0.6066666666666667,2,sum-linear,binary
1000,70,50,0.5466666666666666,3,sum-linear,binary
1000,70,50,0.7166666666666667,4,sum-linear,binary
1000,70,50,0.5633333333333334,5,sum-linear,binary
1000,70,50,0.5833333333333334,6,sum-linear,binary
1000,70,50,0.5333333333333333,7,sum-linear,binary
1000,70,50,0.5533333333333333,8,sum-linear,binary
1000,70,50,0.6466666666666666,9,sum-linear,binary
1000,70,50,0.5866666666666667,10,sum-linear,binary
1000,75,50,0.644,1,sum-linear,binary
1000,75,50,0.644,2,sum-linear,binary
1000,75,50,0.58,3,sum-linear,binary
1000,75,50,0.684,4,sum-linear,binary
1000,75,50,0.6,5,sum-linear,binary
1000,75,50,0.592,6,sum-linear,binary
1000,75,50,0.576,7,sum-linear,binary
1000,75,50,0.748,8,sum-linear,binary
1000,75,50,0.64,9,sum-linear,binary
1000,75,50,0.576,10,sum-linear,binary
1000,80,50,0.58,1,sum-linear,binary
1000,80,50,0.675,2,sum-linear,binary
1000,80,50,0.57,3,sum-linear,binary
1000,80,50,0.705,4,sum-linear,binary
1000,80,50,0.575,5,sum-linear,binary
1000,80,50,0.505,6,sum-linear,binary
1000,80,50,0.545,7,sum-linear,binary
1000,80,50,0.585,8,sum-linear,binary
1000,80,50,0.485,9,sum-linear,binary
1000,80,50,0.7,10,sum-linear,binary
1000,85,50,0.6533333333333333,1,sum-linear,binary
1000,85,50,0.6666666666666666,2,sum-linear,binary
1000,85,50,0.6,3,sum-linear,binary
1000,85,50,0.62,4,sum-linear,binary
1000,85,50,0.68,5,sum-linear,binary
1000,85,50,0.52,6,sum-linear,binary
1000,85,50,0.58,7,sum-linear,binary
1000,85,50,0.5666666666666667,8,sum-linear,binary
1000,85,50,0.5933333333333334,9,sum-linear,binary
1000,85,50,0.7466666666666667,10,sum-linear,binary
1000,90,50,0.65,1,sum-linear,binary
1000,90,50,0.66,2,sum-linear,binary
1000,90,50,0.59,3,sum-linear,binary
1000,90,50,0.64,4,sum-linear,binary
1000,90,50,0.6,5,sum-linear,binary
1000,90,50,0.73,6,sum-linear,binary
1000,90,50,0.63,7,sum-linear,binary
1000,90,50,0.7,8,sum-linear,binary
1000,90,50,0.54,9,sum-linear,binary
1000,90,50,0.58,10,sum-linear,binary
1000,95,50,0.56,1,sum-linear,binary
1000,95,50,0.56,2,sum-linear,binary
1000,95,50,0.76,3,sum-linear,binary
1000,95,50,0.52,4,sum-linear,binary
1000,95,50,0.42,5,sum-linear,binary
1000,95,50,0.56,6,sum-linear,binary
1000,95,50,0.46,7,sum-linear,binary
1000,95,50,0.62,8,sum-linear,binary
1000,95,50,0.58,9,sum-linear,binary
1000,95,50,0.52,10,sum-linear,binary
1000,5,50,0.015789473684210527,1,product,binary
1000,5,50,0.015789473684210527,2,product,binary
1000,5,50,0.017894736842105262,3,product,binary
1000,5,50,0.023157894736842106,4,product,binary
1000,5,50,0.015789473684210527,5,product,binary
1000,5,50,0.02,6,product,binary
1000,5,50,0.02526315789473684,7,product,binary
1000,5,50,0.024210526315789474,8,product,binary
1000,5,50,0.021052631578947368,9,product,binary
1000,5,50,0.021052631578947368,10,product,binary
1000,10,50,0.03666666666666667,1,product,binary
1000,10,50,0.02666666666666667,2,product,binary
1000,10,50,0.03666666666666667,3,product,binary
1000,10,50,0.03888888888888889,4,product,binary
1000,10,50,0.042222222222222223,5,product,binary
1000,10,50,0.023333333333333334,6,product,binary
1000,10,50,0.04555555555555556,7,product,binary
1000,10,50,0.03666666666666667,8,product,binary
1000,10,50,0.042222222222222223,9,product,binary
1000,10,50,0.05,10,product,binary
1000,15,50,0.052941176470588235,1,product,binary
1000,15,50,0.04823529411764706,2,product,binary
1000,15,50,0.05764705882352941,3,product,binary
1000,15,50,0.04823529411764706,4,product,binary
1000,15,50,0.06588235294117648,5,product,binary
1000,15,50,0.052941176470588235,6,product,binary
1000,15,50,0.05647058823529412,7,product,binary
1000,15,50,0.04470588235294118,8,product,binary
1000,15,50,0.05647058823529412,9,product,binary
1000,15,50,0.04352941176470588,10,product,binary
1000,20,50,0.1075,1,product,binary
1000,20,50,0.07625,2,product,binary
1000,20,50,0.0725,3,product,binary
1000,20,50,0.05375,4,product,binary
1000,20,50,0.10125,5,product,binary
1000,20,50,0.07125,6,product,binary
1000,20,50,0.06,7,product,binary
1000,20,50,0.075,8,product,binary
1000,20,50,0.075,9,product,binary
1000,20,50,0.0975,10,product,binary
1000,25,50,0.12,1,product,binary
1000,25,50,0.08933333333333333,2,product,binary
1000,25,50,0.1,3,product,binary
1000,25,50,0.08533333333333333,4,product,binary
1000,25,50,0.07866666666666666,5,product,binary
1000,25,50,0.08933333333333333,6,product,binary
1000,25,50,0.07066666666666667,7,product,binary
1000,25,50,0.09866666666666667,8,product,binary
1000,25,50,0.08133333333333333,9,product,binary
1000,25,50,0.06533333333333333,10,product,binary
1000,30,50,0.12857142857142856,1,product,binary
1000,30,50,0.07285714285714286,2,product,binary
1000,30,50,0.12857142857142856,3,product,binary
1000,30,50,0.09142857142857143,4,product,binary
1000,30,50,0.13857142857142857,5,product,binary
1000,30,50,0.09285714285714286,6,product,binary
1000,30,50,0.15857142857142856,7,product,binary
1000,30,50,0.13,8,product,binary
1000,30,50,0.1,9,product,binary
1000,30,50,0.09857142857142857,10,product,binary
1000,35,50,0.1123076923076923,1,product,binary
1000,35,50,0.10923076923076923,2,product,binary
1000,35,50,0.11692307692307692,3,product,binary
1000,35,50,0.11384615384615385,4,product,binary
1000,35,50,0.16,5,product,binary
1000,35,50,0.12461538461538461,6,product,binary
1000,35,50,0.07384615384615385,7,product,binary
1000,35,50,0.08461538461538462,8,product,binary
1000,35,50,0.09076923076923077,9,product,binary
1000,35,50,0.10307692307692308,10,product,binary
1000,40,50,0.12666666666666668,1,product,binary
1000,40,50,0.13666666666666666,2,product,binary
1000,40,50,0.10833333333333334,3,product,binary
1000,40,50,0.19166666666666668,4,product,binary
1000,40,50,0.12166666666666667,5,product,binary
1000,40,50,0.19333333333333333,6,product,binary
1000,40,50,0.125,7,product,binary
1000,40,50,0.14166666666666666,8,product,binary
1000,40,50,0.15333333333333332,9,product,binary
1000,40,50,0.15666666666666668,10,product,binary
1000,45,50,0.11454545454545455,1,product,binary
1000,45,50,0.20909090909090908,2,product,binary
1000,45,50,0.14545454545454545,3,product,binary
1000,45,50,0.10363636363636364,4,product,binary
1000,45,50,0.12727272727272726,5,product,binary
1000,45,50,0.20545454545454545,6,product,binary
1000,45,50,0.20545454545454545,7,product,binary
1000,45,50,0.13454545454545455,8,product,binary
1000,45,50,0.1690909090909091,9,product,binary
1000,45,50,0.10727272727272727,10,product,binary
1000,50,50,0.134,1,product,binary
1000,50,50,0.19,2,product,binary
1000,50,50,0.13,3,product,binary
1000,50,50,0.176,4,product,binary
1000,50,50,0.172,5,product,binary
1000,50,50,0.184,6,product,binary
1000,50,50,0.256,7,product,binary
1000,50,50,0.192,8,product,binary
1000,50,50,0.122,9,product,binary
1000,50,50,0.14,10,product,binary
1000,55,50,0.15777777777777777,1,product,binary
1000,55,50,0.23333333333333334,2,product,binary
1000,55,50,0.20666666666666667,3,product,binary
1000,55,50,0.1288888888888889,4,product,binary
1000,55,50,0.13555555555555557,5,product,binary
1000,55,50,0.23333333333333334,6,product,binary
1000,55,50,0.13333333333333333,7,product,binary
1000,55,50,0.15555555555555556,8,product,binary
1000,55,50,0.17333333333333334,9,product,binary
1000,55,50,0.26666666666666666,10,product,binary
1000,60,50,0.1475,1,product,binary
1000,60,50,0.2525,2,product,binary
1000,60,50,0.16,3,product,binary
1000,60,50,0.2775,4,product,binary
1000,60,50,0.1175,5,product,binary
1000,60,50,0.205,6,product,binary
1000,60,50,0.1625,7,product,binary
1000,60,50,0.23,8,product,binary
1000,60,50,0.165,9,product,binary
1000,60,50,0.16,10,product,binary
1000,65,50,0.26285714285714284,1,product,binary
1000,65,50,0.15428571428571428,2,product,binary
1000,65,50,0.24,3,product,binary
1000,65,50,0.2542857142857143,4,product,binary
1000,65,50,0.15428571428571428,5,product,binary
1000,65,50,0.17714285714285713,6,product,binary
1000,65,50,0.2571428571428571,7,product,binary
1000,65,50,0.17142857142857143,8,product,binary
1000,65,50,0.2542857142857143,9,product,binary
1000,65,50,0.24857142857142858,10,product,binary
1000,70,50,0.26666666666666666,1,product,binary
1000,70,50,0.23333333333333334,2,product,binary
1000,70,50,0.13333333333333333,3,product,binary
1000,70,50,0.17,4,product,binary
1000,70,50,0.11333333333333333,5,product,binary
1000,70,50,0.15333333333333332,6,product,binary
1000,70,50,0.14,7,product,binary
1000,70,50,0.15666666666666668,8,product,binary
1000,70,50,0.17333333333333334,9,product,binary
1000,70,50,0.17666666666666667,10,product,binary
1000,75,50,0.14,1,product,binary
1000,75,50,0.252,2,product,binary
1000,75,50,0.16,3,product,binary
1000,75,50,0.164,4,product,binary
1000,75,50,0.132,5,product,binary
1000,75,50,0.24,6,product,binary
1000,75,50,0.22,7,product,binary
1000,75,50,0.204,8,product,binary
1000,75,50,0.144,9,product,binary
1000,75,50,0.288,10,product,binary
1000,80,50,0.16,1,product,binary
1000,80,50,0.175,2,product,binary
1000,80,50,0.32,3,product,binary
1000,80,50,0.175,4,product,binary
1000,80,50,0.295,5,product,binary
1000,80,50,0.205,6,product,binary
1000,80,50,0.23,7,product,binary
1000,80,50,0.145,8,product,binary
1000,80,50,0.165,9,product,binary
1000,80,50,0.205,10,product,binary
1000,85,50,0.14,1,product,binary
1000,85,50,0.3933333333333333,2,product,binary
1000,85,50,0.14,3,product,binary
1000,85,50,0.13333333333333333,4,product,binary
1000,85,50,0.22,5,product,binary
1000,85,50,0.12,6,product,binary
1000,85,50,0.16,7,product,binary
1000,85,50,0.12666666666666668,8,product,binary
1000,85,50,0.2,9,product,binary
1000,85,50,0.13333333333333333,10,product,binary
1000,90,50,0.09,1,product,binary
1000,90,50,0.16,2,product,binary
1000,90,50,0.12,3,product,binary
1000,90,50,0.36,4,product,binary
1000,90,50,0.12,5,product,binary
1000,90,50,0.13,6,product,binary
1000,90,50,0.37,7,product,binary
1000,90,50,0.23,8,product,binary
1000,90,50,0.2,9,product,binary
1000,90,50,0.12,10,product,binary
1000,95,50,0.1,1,product,binary
1000,95,50,0.08,2,product,binary
1000,95,50,0.4,3,product,binary
1000,95,50,0.16,4,product,binary
1000,95,50,0.24,5,product,binary
1000,95,50,0.18,6,product,binary
1000,95,50,0.12,7,product,binary
1000,95,50,0.06,8,product,binary
1000,95,50,0.06,9,product,binary
1000,95,50,0.32,10,product,binary
